,C=O/ M,O=CO/ M,O=CCO/ M,O=C(CO)CO/ M,O=C[C@H](O)CO/ M,OCC(O)CO/ M,OC[C@H](O)[C@H](O)CO/ M,OC[C@@H](O)[C@H](O)CO/ M,O=CC(O)(CO)CO/ M,O=C[C@H](O)[C@H](O)CO/ M,O=C(CO)[C@H](O)CO/ M,OC1COC(O)CO1/ M,O=C[C@@H](O)[C@H](O)CO/ M,O=C(CO)C(O)(CO)CO/ M,O=C([C@H](O)CO)[C@H](O)CO/ M,O=C([C@@H](O)CO)[C@H](O)CO/ M,O=C[C@@](O)(CO)[C@H](O)CO/ M,O=C[C@](O)(CO)[C@H](O)CO/ M,O=C[C@H](O)C(O)(CO)CO/ M,O=C[C@@H](O)[C@H](O)[C@H](O)CO/ M,O=C[C@@H](O)[C@@H](O)[C@H](O)CO/ M,O=C[C@H](O)[C@H](O)[C@H](O)CO/ M,O=C(CO)[C@H](O)[C@H](O)CO/ M,O=C[C@H](O)[C@@H](O)[C@H](O)CO/ M,O=C(CO)[C@@H](O)[C@H](O)CO/ M,OC[C@H](O)C(O)[C@@H](O)CO/ M,OC[C@H](O)[C@H](O)[C@H](O)CO/ M,OC[C@H](O)[C@@H](O)[C@H](O)CO/ M,CCCCCCCCCCCC/ M,O=C(CO)[C@](O)(CO)[C@H](O)CO/ M,O=C(CO)[C@@](O)(CO)[C@H](O)CO/ M,O=C(CO)[C@H](O)C(O)(CO)CO/ M,O=C([C@@H](O)CO)[C@H](O)[C@H](O)CO/ M,O=C([C@@H](O)CO)[C@@H](O)[C@H](O)CO/ M,O=C([C@H](O)CO)[C@H](O)[C@H](O)CO/ M,O=C([C@@H](O)[C@@H](O)CO)[C@H](O)CO/ M,O=C([C@@H](O)[C@H](O)CO)[C@H](O)CO/ M,O=C([C@@H](O)CO)[C@H](O)[C@@H](O)CO/ M,O=C([C@H](O)CO)C(O)(CO)CO/ M,O=C[C@@](O)(CO)[C@@H](O)[C@H](O)CO/ M,O=C[C@](O)(CO)[C@@H](O)[C@H](O)CO/ M,O=C[C@@](O)(CO)[C@H](O)[C@H](O)CO/ M,O=C[C@](O)(CO)[C@H](O)[C@H](O)CO/ M,O=C[C@H](O)[C@](O)(CO)[C@H](O)CO/ M,O=C[C@H](O)[C@@](O)(CO)[C@H](O)CO/ M,O=C[C@@H](O)[C@](O)(CO)[C@H](O)CO/ M,O=C[C@@H](O)[C@@](O)(CO)[C@H](O)CO/ M,O=C[C@H](O)[C@@H](O)C(O)(CO)CO/ M,O=C[C@@H](O)[C@@H](O)C(O)(CO)CO/ M,O=C[C@@](O)(CO)C(O)(CO)CO/ M,O=C[C@H](O)[C@H](O)[C@H](O)[C@H](O)CO/ M,O=C[C@@H](O)[C@H](O)[C@H](O)[C@H](O)CO/ M,O=C(CO)[C@@H](O)[C@H](O)[C@H](O)CO/ M,O=C[C@H](O)[C@@H](O)[C@@H](O)[C@H](O)CO/ M,O=C[C@H](O)[C@@H](O)[C@H](O)[C@H](O)CO/ M,O=C[C@H](O)[C@H](O)[C@@H](O)[C@H](O)CO/ M,O=C[C@@H](O)[C@H](O)[C@@H](O)[C@H](O)CO/ M,O=C[C@@H](O)[C@@H](O)[C@H](O)[C@H](O)CO/ M,O=C(CO)[C@H](O)[C@H](O)[C@H](O)CO/ M,O=C(CO)[C@H](O)[C@@H](O)[C@H](O)CO/ M,O=C(CO)[C@@H](O)[C@@H](O)[C@H](O)CO/ M,O=C[C@@H](O)[C@@H](O)[C@@H](O)[C@H](O)CO/ M,OC(C(O)C(C(CO)O)O)CO/ M,OCC(O)C(O)C(O)C(O)CO/ M,OC[C@H](O)[C@@H](O)[C@H](O)[C@H](O)CO/ M,CCCCCCCCCCCCCC/ M,O=CC(O)C(O)C(O)C(O)C(O)CO/ M,O=C[C@H](O)[C@@H](O)[C@@H](O)[C@H](O)[C@H](O)CO/ M,OC[C@H](O)[C@@H](O)[C@H](O[C@H]1O[C@H](CO)[C@@H](O)[C@H](O)[C@H]1O)[C@H](O)CO/ M,OC(=O)C(C)=O/ M,O=CC(=O)O/ M,OO/ M,O/ M,[OH-]/ M,OCC1(O)OC[C@@H](O)[C@@H](O)[C@@H]1O/ M,C([C@@H]1[C@H]([C@@H]([C@H](C(O1)O)O)O)O)O/ M,OC[C@H](O)[C@@](O)(CO)[C@H](O)CO/ M,OC[C@H](O)[C@](O)(CO)[C@H](O)CO/ M,OC[C@H](O)[C@H](O)[C@H](O)[C@@H](O)CO/ M,OC[C@H](O)[C@@H](O)[C@@H](O)[C@H](O)CO/ M,OC[C@H](O)[C@H](O)[C@H](O)[C@H](O)CO/ M,OC[C@H](O)[C@H](O)[C@@H](O)[C@H](O)CO/ M,OC[C@@H](O)C(O)(CO)[C@H](O)CO/ M,OC[C@@H](O)[C@@H](O)[C@H](O)[C@H](O)CO/ M,OC[C@@H](O)[C@H](O)[C@H](O)[C@H](O)CO/ M,OC[C@@H](O)[C@H](O)[C@@H](O)[C@H](O)CO/ M,OC[C@H](O)[C@H](O)C(O)(CO)CO/ M,OC[C@@H](O)[C@H](O)C(O)(CO)CO/ M,OCC(O)(CO)C(O)(CO)CO/ M,OC[C@H](O)C(O)=C(O)[C@H](O)CO/ M,OC[C@@H](O)C(O)=C(O)[C@H](O)CO/ M,OCC(O)(CO)CO/ M,OC[C@@H](O)C(O)(CO)CO/ M,OCCO/ M,CO/ M,OC=CO/ M,OC=C(O)CO/ M,OC=C(O)[C@H](O)CO/ M,OCC(O)=C(O)CO/ M,OC=C(O)[C@H](O)[C@@H](O)CO/ M,OC=C(O)[C@H](O)[C@H](O)CO/ M,OC=C(O)C(O)(CO)CO/ M,OCC(O)=C(O)[C@H](O)CO/ M,OC=C(O)[C@](O)(CO)[C@@H](O)CO/ M,OC=C(O)[C@](O)(CO)[C@H](O)CO/ M,OC=C(O)[C@H](O)[C@@H](O)[C@@H](O)CO/ M,OC=C(O)[C@H](O)[C@@H](O)[C@H](O)CO/ M,OC=C(O)[C@H](O)[C@H](O)[C@@H](O)CO/ M,OC=C(O)[C@H](O)[C@H](O)[C@H](O)CO/ M,OC=C(O)[C@H](O)C(O)(CO)CO/ M,OCC(O)=C(O)[C@H](O)[C@@H](O)CO/ M,OCC(O)=C(O)[C@H](O)[C@H](O)CO/ M,OCC(O)=C(O)C(O)(CO)CO/ M,CaCl2/ M,
FRN051A,0.0,0.0,0.0,0.0,0.0,0.0,0.0,0.0,0.0,0.0,0.0,0.0,0.0,0.0,0.0,0.0,0.0,0.0,0.0,0.0,0.0,0.0,0.0,0.0,0.0,0.0,0.0,0.0,0.0,0.0,0.0,0.0,0.0,0.0,0.0,0.0,0.0,0.0,0.0,0.0,0.0,0.0,0.0,0.0,0.0,0.0,0.0,0.0,0.0,0.0,0.0,0.0,0.0,0.0,0.0,0.0,0.0,0.0,0.0,0.0,0.0,0.0,0.0,0.0,0.0,0.0,0.0,0.0,0.0,0.0,0.0,0.0,0.0,0.0,0.0,0.0,0.0,0.0,0.0,0.0,0.0,0.0,0.0,0.0,0.0,0.0,0.0,0.0,0.0,0.0,0.0,0.0,0.0,0.0,0.0,0.0,0.0,0.0,0.0,0.0,0.0,0.0,0.0,0.0,0.0,0.0,0.0,0.0,0.0,0.0,0.0,0.0,0.0,0.0,
FRN051B,0.00036832655476989233,0.0,0.0,4.342813144358294e-05,0.0,0.0,2.9203872655740907e-05,9.204979262350005e-06,0.0,1.0836976987475181e-05,5.0674206680352774e-05,0.0,1.0847182319264198e-05,0.0,0.0,0.0,1.5789436614859956e-05,0.0,0.0,2.0160779735991737e-05,2.7986651963063342e-05,0.0,1.148321568627451e-05,0.0,0.0,0.0,0.0,0.0,0.0,0.00019120750848178742,0.0,0.0,0.0,0.0,0.0,0.0,0.0,0.0,0.000127401270014538,0.00031039970130334016,7.06417321918676e-05,0.0,0.0,0.0,0.0,0.0,0.0,0.0,0.0,0.000100557227076313,0.0,0.0,3.3056895983307435e-05,0.0,0.0,0.0,0.0,0.0,0.0002839570107866175,0.0,0.0,0.0,0.0,0.0,0.0,0.0,2.8269245534905397e-06,6.648464714586712e-05,0.0,0.0,0.0,0.0,0.0,0.0,0.0,0.0,0.0,0.0,0.0,0.0,0.0,0.0,0.0,0.0,0.0,0.0,0.0,0.0,0.0,0.0,0.0,0.0,0.0,0.0,0.0,0.0,0.0,0.0,0.0,0.0,0.0,0.0,0.0,0.0,0.0,0.0,0.0,0.0,0.0,0.0,0.0,0.0,0.0,0.0,
FRN055B,0.00012277205668701987,0.0,0.0,0.00010833206927709358,0.0,0.0,0.00012487540933394387,0.0,6.176880376614154e-05,0.0,0.0,0.0,0.0,0.0,0.0,0.0,1.3069849882685816e-05,0.0,0.0,1.6253712578238293e-05,2.856157376223129e-05,0.0,0.0,0.0,0.0,0.0,0.0,0.0,0.0,4.362284086833454e-05,2.875056087408712e-05,0.00046292484320396897,0.0,0.0001671455800874779,0.0,0.0,0.0,0.0,6.868608559626398e-05,0.00013462089888643573,4.963170297269291e-05,0.0,0.0,0.0,0.0,0.0,0.0,0.0,0.0,0.00017368493886803379,0.0,0.0,4.677473485865027e-05,0.0,0.0,0.0,0.0,0.0,6.243742924289786e-05,0.0,0.0,0.0,0.0,0.0,0.0,0.0,0.0,3.9570851170652965e-05,0.0,0.0,0.0,0.0,0.0,0.0,0.0,0.0,0.0,0.0,0.0,0.0,0.0,0.0,0.0,0.0,0.0,0.0,0.0,0.0,0.0,0.0,0.0,0.0,0.0,0.0,0.0,0.0,0.0,0.0,0.0,0.0,0.0,0.0,0.0,0.0,0.0,0.0,0.0,0.0,0.0,0.0,0.0,0.0,0.0,0.0,
FRN059A,0.0,0.0,0.0,0.0,0.0,0.0,0.0,0.0,0.0,0.0,0.0,0.0,0.0,0.0,0.0,0.0,0.0,0.0,0.0,0.0,0.0,0.0,0.0,0.0,0.0,0.0,0.0,0.0,0.0,0.0,0.0,0.0,0.0,0.0,0.0,0.0,0.0,0.0,0.0,0.0,0.0,0.0,0.0,0.0,0.0,0.0,0.0,0.0,0.0,0.0,0.0,0.0,0.0,0.0,0.0,0.0,0.0,0.0,0.0,0.0,0.0,0.0,0.0,0.0,0.0,0.0,0.0,0.0,0.0,0.0,0.0,0.0,0.0,0.0,0.0,0.0,0.0,0.0,0.0,0.0,0.0,0.0,0.0,0.0,0.0,0.0,0.0,0.0,0.0,0.0,0.0,0.0,0.0,0.0,0.0,0.0,0.0,0.0,0.0,0.0,0.0,0.0,0.0,0.0,0.0,0.0,0.0,0.0,0.0,0.0,0.0,0.0,0.0,0.0,
FRN059B,4.341535486554518e-05,0.0,0.0,9.99767880384348e-05,0.0,0.0,6.262879233390572e-06,8.709280122104816e-06,8.824623920467657e-05,0.0,7.223656326610534e-05,0.0,0.0,0.0,0.0,0.0,4.0307592852220114e-05,0.0,0.0,7.141738169684881e-05,7.418180860453893e-06,1.666441344460492e-05,0.0,0.0,0.0,0.0,0.0,0.0,0.0,5.0951842420320216e-05,0.0,0.0,0.0,0.0,0.0,0.0,0.0,0.0,5.214375516748989e-05,0.00013373303322204293,8.64100457981573e-06,0.0,0.0,0.0,0.0,0.0,0.0,0.0,0.0,8.989908172862989e-05,0.0,0.0,2.6666957049916732e-05,0.0,0.0,0.0,0.0,0.0,8.920190335714037e-05,0.0,0.0,0.0,0.0,0.0,0.0,0.0,0.0,4.614264913071954e-06,0.0,0.0,0.0,0.0,0.0,0.0,0.0,0.0,0.0,0.0,0.0,0.0,0.0,0.0,0.0,0.0,0.0,0.0,0.0,0.0,0.0,0.0,0.0,0.0,0.0,0.0,0.0,0.0,0.0,0.0,0.0,0.0,0.0,0.0,0.0,0.0,0.0,0.0,0.0,0.0,0.0,0.0,0.0,0.0,0.0,0.0,
FRN060A,0.0,0.0,0.0,0.0,0.0,0.0,0.0,0.0,0.0,0.0,0.0,0.0,0.0,0.0,0.0,0.0,0.0,0.0,0.0,0.0,0.0,0.0,0.0,0.0,0.0,0.0,0.0,0.0,0.0,0.0,0.0,0.0,0.0,0.0,0.0,0.0,0.0,0.0,0.0,0.0,0.0,0.0,0.0,0.0,0.0,0.0,0.0,0.0,0.0,0.0,0.0,0.0,0.0,0.0,0.0,0.0,0.0,0.0,0.0,0.0,0.0,0.0,0.0,0.0,0.0,0.0,0.0,0.0,0.0,0.0,0.0,0.0,0.0,0.0,0.0,0.0,0.0,0.0,0.0,0.0,0.0,0.0,0.0,0.0,0.0,0.0,0.0,0.0,0.0,0.0,0.0,0.0,0.0,0.0,0.0,0.0,0.0,0.0,0.0,0.0,0.0,0.0,0.0,0.0,0.0,0.0,0.0,0.0,0.0,0.0,0.0,0.0,0.0,0.0,
FRN060B,0.00011863037166419124,0.0,0.0,7.879706918500362e-05,0.0,0.0,0.0,0.0,0.0,5.6454267283754915e-05,0.0,0.0,0.0,0.0,0.0,0.0,0.0,0.0,0.0,1.5784164351184903e-05,0.0,0.0,5.375501605219415e-05,2.2778427273542866e-05,0.0,0.0,0.0,0.0,0.0,0.0,0.0,0.00024496990407044177,0.0,0.0,0.0,0.0,0.0,0.0,0.0,0.00013495007065300471,0.0,0.0,0.0,0.0,0.0,0.0,0.0,0.0,0.0,0.00016544271640450827,0.0,0.0,6.293396559240378e-05,0.0,0.0,0.0,0.0,0.0,6.751472604720907e-05,0.0,0.0,0.0,0.0,0.0,0.0,0.0,8.702208812112821e-06,1.1930916205456103e-05,0.0,0.0,0.0,0.0,0.0,0.0,0.0,0.0,0.0,0.0,0.0,0.0,0.0,0.0,0.0,0.0,0.0,0.0,0.0,0.0,0.0,0.0,0.0,0.0,0.0,0.0,0.0,0.0,0.0,0.0,0.0,0.0,0.0,0.0,0.0,0.0,0.0,0.0,0.0,0.0,0.0,0.0,0.0,0.0,0.0,0.0,
FRN061A,0.0,0.0,0.0,0.0,0.0,0.0,0.0,0.0,0.0,0.0,0.0,0.0,0.0,0.0,0.0,0.0,0.0,0.0,0.0,0.0,0.0,0.0,0.0,0.0,0.0,0.0,0.0,0.0,0.0,0.0,0.0,0.0,0.0,0.0,0.0,0.0,0.0,0.0,0.0,0.0,0.0,0.0,0.0,0.0,0.0,0.0,0.0,0.0,0.0,0.0,0.0,0.0,0.0,0.0,0.0,0.0,0.0,0.0,0.0,0.0,0.0,0.0,0.0,0.0,0.0,0.0,0.0,0.0,0.0,0.0,0.0,0.0,0.0,0.0,0.0,0.0,0.0,0.0,0.0,0.0,0.0,0.0,0.0,0.0,0.0,0.0,0.0,0.0,0.0,0.0,0.0,0.0,0.0,0.0,0.0,0.0,0.0,0.0,0.0,0.0,0.0,0.0,0.0,0.0,0.0,0.0,0.0,0.0,0.0,0.0,0.0,0.0,0.0,0.0,
FRN061B,0.0,0.0,0.0,0.0,0.0,0.0,3.540468507502876e-05,7.069126184325486e-05,0.00014904659975606592,0.0,0.0,0.0,0.0,1.4429303603385891e-05,0.0,0.0,4.1242321348972195e-05,0.0,0.0,1.8939643063727874e-05,2.777530635583171e-05,0.0,0.0,0.0,0.0,0.0,9.699588892417249e-06,0.0,0.0,2.6532941637125786e-05,0.0,0.00018508429711000602,0.0,0.0001987789286567408,0.0,0.0,0.0,0.0,3.353225711859455e-05,9.398198545969618e-05,0.00011327823691229654,0.0,0.0,0.0,0.0,0.0,0.0,0.0,0.0,0.0003225907669657521,0.0,0.0,0.0,0.0,0.0,0.0,0.0,0.0,0.0002715825121247686,0.0,0.0,0.0,0.0,0.0,0.0,0.0,0.0,4.6000364711746934e-05,0.0,0.0,0.0,0.0,0.0,0.0,0.0,0.0,0.0,0.0,0.0,0.0,0.0,0.0,0.0,0.0,0.0,0.0,0.0,0.0,0.0,0.0,0.0,0.0,0.0,0.0,0.0,0.0,0.0,0.0,0.0,0.0,0.0,0.0,0.0,0.0,0.0,0.0,0.0,0.0,0.0,0.0,0.0,0.0,0.0,0.0,
FRN062A,0.0,0.0,0.0,0.0,0.0,0.0,3.6006816007738655e-05,0.0,0.00023669980161079753,0.0,0.0,0.0,0.0,0.0,0.0,0.0,7.91724692427899e-05,0.0,0.0,5.761010750619857e-05,0.0,0.0,0.0,0.0,0.0,0.0,0.0,0.0,0.0,0.0,0.0,0.0,0.0,0.00010627706550031067,0.0,0.0,0.0,0.0,0.0,0.00015288200240567022,0.0,0.0,0.0,0.0,0.0,0.0,0.0,0.0,0.0,0.00024278994770705482,0.0,0.0,0.00016063442378414224,0.0,0.0,0.0,0.0,0.0,0.0,0.0,0.0,0.0,0.0,0.0,0.0,0.0,0.0,0.0,0.0,0.0,0.0,0.0,0.0,0.0,0.0,0.0,0.0,0.0,0.0,0.0,0.0,0.0,0.0,0.0,0.0,0.0,0.0,0.0,0.0,0.0,0.0,0.0,0.0,0.0,0.0,0.0,0.0,0.0,0.0,0.0,0.0,0.0,0.0,0.0,0.0,0.0,0.0,0.0,0.0,0.0,0.0,0.0,0.0,0.0,
FRN062B,0.00011055933959692766,0.0,0.0,0.0005171267469934108,0.0,0.0,0.0,9.065746781304268e-05,0.0,0.0,0.0,0.0,0.0,0.0,0.0,0.0,0.0,0.0,0.0,1.8530424988237002e-05,3.369330005919657e-05,6.533129871408843e-05,0.0,0.0,0.0,0.0,0.0,0.0,0.0,4.299529619135473e-05,0.0,0.0,0.0,0.00027504467011029126,0.0,0.0,0.0,0.0,0.0,0.0,0.0,0.0,0.0,0.0,0.0,0.0,0.0,0.0,0.0,0.0001520792521475007,0.0,0.0,0.0,0.0,0.0,0.0,0.0,0.0,0.0,0.0,0.0,0.0,0.0,0.0,0.0,0.0,0.0,9.114576024635337e-06,0.0,0.0,0.0,0.0,0.0,0.0,0.0,0.0,0.0,0.0,0.0,0.0,0.0,0.0,0.0,0.0,0.0,0.0,0.0,0.0,0.0,0.0,0.0,0.0,0.0,0.0,0.0,0.0,0.0,0.0,0.0,0.0,0.0,0.0,0.0,0.0,0.0,0.0,0.0,0.0,0.0,0.0,0.0,0.0,0.0,0.0,
FRN062C,0.0,0.0,0.0,0.0007411128888515192,0.0,0.0,0.0,8.935566650011642e-05,6.801777671174499e-05,0.0,0.0,0.0,0.0,4.8756196300155674e-05,0.0,0.0,3.62798722321852e-05,0.0,0.0,3.558068010960428e-05,1.141358807381211e-05,5.0923802129956105e-05,0.0,0.0,0.0,0.0,0.0,0.0,0.0,0.0,9.965170091003459e-05,0.00014114214432876693,0.0,0.0002953059784947044,0.0,0.0,0.0,0.0,0.0,0.0,0.0,0.0,0.0,0.0,0.0,0.0,0.0,0.0,0.0,0.00020538550705968207,0.0,0.0,6.999182542344105e-05,0.0,0.0,0.0,0.0,0.0,0.00033818358892212064,0.0,0.0,0.0,0.0,0.0,0.0,0.0,0.0,2.7923416584235363e-05,0.0,0.0,0.0,0.0,0.0,0.0,0.0,0.0,0.0,0.0,0.0,0.0,0.0,0.0,0.0,0.0,0.0,0.0,0.0,0.0,0.0,0.0,0.0,0.0,0.0,0.0,0.0,0.0,0.0,0.0,0.0,0.0,0.0,0.0,0.0,0.0,0.0,0.0,0.0,0.0,0.0,0.0,0.0,0.0,0.0,0.0,
FRN062D,0.00012570558515710494,0.0,0.0,7.085176441890615e-05,0.0,0.0,0.0,0.00011159112118194982,1.0271131329255585e-05,0.0,0.0,0.0,0.0,0.0,0.0,0.0,8.648079997903214e-05,0.0,0.0,2.974997553418735e-05,6.078790098868593e-05,6.925174316010274e-05,0.0,0.0,0.0,0.0,0.0,0.0,0.0,4.2988899050879644e-05,0.0,0.0,0.0,0.00019543508459361715,0.0,0.0,0.0,0.0,0.0,0.0003782600269393389,8.62922519949069e-06,0.0,0.0,0.0,0.0,0.0,0.0,0.0,0.0,0.00025130512004773543,0.0,0.0,0.0,0.0,0.0,0.0,0.0,0.0,0.0,0.0,0.0,0.0,0.0,0.0,0.0,0.0,0.0,2.1296560669800908e-05,0.0,0.0,0.0,0.0,0.0,0.0,0.0,0.0,0.0,0.0,0.0,0.0,0.0,0.0,0.0,0.0,0.0,0.0,0.0,0.0,0.0,0.0,0.0,0.0,0.0,0.0,0.0,0.0,0.0,0.0,0.0,0.0,0.0,0.0,0.0,0.0,0.0,0.0,0.0,0.0,0.0,0.0,0.0,0.0,0.0,0.0,
FRN063A,0.0,0.0,0.0,0.0,0.0,0.0,0.0,0.0,0.0,0.0,0.0,0.0,0.0,0.0,0.0,0.0,0.0,0.0,0.0,0.0,0.0,0.0,0.0,0.0,0.0,0.0,0.0,0.0,0.0,0.0,0.0,0.0,0.0,0.0,0.0,0.0,0.0,0.0,0.0,0.0,0.0,0.0,0.0,0.0,0.0,0.0,0.0,0.0,0.0,0.0,0.0,0.0,0.0,0.0,0.0,0.0,0.0,0.0,0.0,0.0,0.0,0.0,0.0,0.0,0.0,0.0,0.0,0.0,0.0,0.0,0.0,0.0,0.0,0.0,0.0,0.0,0.0,0.0,0.0,0.0,0.0,0.0,0.0,0.0,0.0,0.0,0.0,0.0,0.0,0.0,0.0,0.0,0.0,0.0,0.0,0.0,0.0,0.0,0.0,0.0,0.0,0.0,0.0,0.0,0.0,0.0,0.0,0.0,0.0,0.0,0.0,0.0,0.0,0.0,
FRN063B,0.0,0.0,0.0,0.0,0.0,0.0,0.0,0.0,0.0,0.0,0.0,0.0,0.0,0.0,0.0,0.0,0.0,0.0,0.0,0.0,0.0,0.0,0.0,0.0,0.0,0.0,0.0,0.0,0.0,0.0,0.0,0.0,0.0,0.0,0.0,0.0,0.0,0.0,0.0,0.0,0.0,0.0,0.0,0.0,0.0,0.0,0.0,0.0,0.0,0.0,0.0,0.0,0.0,0.0,0.0,0.0,0.0,0.0,0.0,0.0,0.0,0.0,0.0,0.0,0.0,0.0,0.0,0.0,0.0,0.0,0.0,0.0,0.0,0.0,0.0,0.0,0.0,0.0,0.0,0.0,0.0,0.0,0.0,0.0,0.0,0.0,0.0,0.0,0.0,0.0,0.0,0.0,0.0,0.0,0.0,0.0,0.0,0.0,0.0,0.0,0.0,0.0,0.0,0.0,0.0,0.0,0.0,0.0,0.0,0.0,0.0,0.0,0.0,0.0,
FRN063C,0.0,0.0,0.0,0.0,0.0,0.0,0.0,0.0,0.0,0.0,0.0,0.0,0.0,0.0,0.0,0.0,0.0,0.0,0.0,0.0,0.0,0.0,0.0,0.0,0.0,0.0,0.0,0.0,0.0,0.0,0.0,0.0,0.0,0.0,0.0,0.0,0.0,0.0,0.0,0.0,0.0,0.0,0.0,0.0,0.0,0.0,0.0,0.0,0.0,0.0,0.0,0.0,0.0,0.0,0.0,0.0,0.0,0.0,0.0,0.0,0.0,0.0,0.0,0.0,0.0,0.0,0.0,0.0,0.0,0.0,0.0,0.0,0.0,0.0,0.0,0.0,0.0,0.0,0.0,0.0,0.0,0.0,0.0,0.0,0.0,0.0,0.0,0.0,0.0,0.0,0.0,0.0,0.0,0.0,0.0,0.0,0.0,0.0,0.0,0.0,0.0,0.0,0.0,0.0,0.0,0.0,0.0,0.0,0.0,0.0,0.0,0.0,0.0,0.0,
FRN063D,0.0,0.0,0.0,0.0,0.0,0.0,0.0,0.0,0.0,0.0,0.0,0.0,0.0,0.0,0.0,0.0,0.0,0.0,0.0,0.0,0.0,0.0,0.0,0.0,0.0,0.0,0.0,0.0,0.0,0.0,0.0,0.0,0.0,0.0,0.0,0.0,0.0,0.0,0.0,0.0,0.0,0.0,0.0,0.0,0.0,0.0,0.0,0.0,0.0,0.0,0.0,0.0,0.0,0.0,0.0,0.0,0.0,0.0,0.0,0.0,0.0,0.0,0.0,0.0,0.0,0.0,0.0,0.0,0.0,0.0,0.0,0.0,0.0,0.0,0.0,0.0,0.0,0.0,0.0,0.0,0.0,0.0,0.0,0.0,0.0,0.0,0.0,0.0,0.0,0.0,0.0,0.0,0.0,0.0,0.0,0.0,0.0,0.0,0.0,0.0,0.0,0.0,0.0,0.0,0.0,0.0,0.0,0.0,0.0,0.0,0.0,0.0,0.0,0.0,
FRN063E,0.0,0.0,0.0,0.0,0.0,0.0,0.0,0.0,0.0,0.0,0.0,0.0,0.0,0.0,0.0,0.0,0.0,0.0,0.0,0.0,0.0,0.0,0.0,0.0,0.0,0.0,0.0,0.0,0.0,0.0,0.0,0.0,0.0,0.0,0.0,0.0,0.0,0.0,0.0,0.0,0.0,0.0,0.0,0.0,0.0,0.0,0.0,0.0,0.0,0.0,0.0,0.0,0.0,0.0,0.0,0.0,0.0,0.0,0.0,0.0,0.0,0.0,0.0,0.0,0.0,0.0,0.0,0.0,0.0,0.0,0.0,0.0,0.0,0.0,0.0,0.0,0.0,0.0,0.0,0.0,0.0,0.0,0.0,0.0,0.0,0.0,0.0,0.0,0.0,0.0,0.0,0.0,0.0,0.0,0.0,0.0,0.0,0.0,0.0,0.0,0.0,0.0,0.0,0.0,0.0,0.0,0.0,0.0,0.0,0.0,0.0,0.0,0.0,0.0,
FRN067A,0.0,0.0,0.0,0.0,0.0,0.0,0.0,0.0,0.0,0.0,0.0,0.0,0.0,0.0,0.0,0.0,0.0,0.0,0.0,0.0,0.0,0.0,0.0,0.0,0.0,0.0,0.0,0.0,0.0,0.0,0.0,0.0,0.0,0.0,0.0,0.0,0.0,0.0,0.0,0.0,0.0,0.0,0.0,0.0,0.0,0.0,0.0,0.0,0.0,0.0,0.0,0.0,0.0,0.0,0.0,0.0,0.0,0.0,0.0,0.0,0.0,0.0,0.0,0.0,0.0,0.0,0.0,0.0,0.0,0.0,0.0,0.0,0.0,0.0,0.0,0.0,0.0,0.0,0.0,0.0,0.0,0.0,0.0,0.0,0.0,0.0,0.0,0.0,0.0,0.0,0.0,0.0,0.0,0.0,0.0,0.0,0.0,0.0,0.0,0.0,0.0,0.0,0.0,0.0,0.0,0.0,0.0,0.0,0.0,0.0,0.0,0.0,0.0,0.0,
FRN067B,0.0,0.0,0.0,0.0,0.0,0.0,0.0,0.0,0.0,0.0,0.0,0.0,0.0,0.0,0.0,0.0,0.0,0.0,0.0,0.0,0.0,0.0,0.0,0.0,0.0,0.0,0.0,0.0,0.0,0.0,0.0,0.0,0.0,0.0,0.0,0.0,0.0,0.0,0.0,0.0,0.0,0.0,0.0,0.0,0.0,0.0,0.0,0.0,0.0,0.0,0.0,0.0,0.0,0.0,0.0,0.0,0.0,0.0,0.0,0.0,0.0,0.0,0.0,0.0,0.0,0.0,0.0,0.0,0.0,0.0,0.0,0.0,0.0,0.0,0.0,0.0,0.0,0.0,0.0,0.0,0.0,0.0,0.0,0.0,0.0,0.0,0.0,0.0,0.0,0.0,0.0,0.0,0.0,0.0,0.0,0.0,0.0,0.0,0.0,0.0,0.0,0.0,0.0,0.0,0.0,0.0,0.0,0.0,0.0,0.0,0.0,0.0,0.0,0.0,
FRN067C,0.0,0.0,0.0,0.0,0.0,0.0,0.0,0.0,0.0,0.0,0.0,0.0,0.0,0.0,0.0,0.0,0.0,0.0,0.0,0.0,0.0,0.0,0.0,0.0,0.0,0.0,0.0,0.0,0.0,0.0,0.0,0.0,0.0,0.0,0.0,0.0,0.0,0.0,0.0,0.0,0.0,0.0,0.0,0.0,0.0,0.0,0.0,0.0,0.0,0.0,0.0,0.0,0.0,0.0,0.0,0.0,0.0,0.0,0.0,0.0,0.0,0.0,0.0,0.0,0.0,0.0,0.0,0.0,0.0,0.0,0.0,0.0,0.0,0.0,0.0,0.0,0.0,0.0,0.0,0.0,0.0,0.0,0.0,0.0,0.0,0.0,0.0,0.0,0.0,0.0,0.0,0.0,0.0,0.0,0.0,0.0,0.0,0.0,0.0,0.0,0.0,0.0,0.0,0.0,0.0,0.0,0.0,0.0,0.0,0.0,0.0,0.0,0.0,0.0,
FRN067D,0.0,0.0,0.0,0.0,0.0,0.0,0.0,0.0,0.0,0.0,0.0,0.0,0.0,0.0,0.0,0.0,0.0,0.0,0.0,0.0,0.0,0.0,0.0,0.0,0.0,0.0,0.0,0.0,0.0,0.0,0.0,0.0,0.0,0.0,0.0,0.0,0.0,0.0,0.0,0.0,0.0,0.0,0.0,0.0,0.0,0.0,0.0,0.0,0.0,0.0,0.0,0.0,0.0,0.0,0.0,0.0,0.0,0.0,0.0,0.0,0.0,0.0,0.0,0.0,0.0,0.0,0.0,0.0,0.0,0.0,0.0,0.0,0.0,0.0,0.0,0.0,0.0,0.0,0.0,0.0,0.0,0.0,0.0,0.0,0.0,0.0,0.0,0.0,0.0,0.0,0.0,0.0,0.0,0.0,0.0,0.0,0.0,0.0,0.0,0.0,0.0,0.0,0.0,0.0,0.0,0.0,0.0,0.0,0.0,0.0,0.0,0.0,0.0,0.0,
FRN067E,0.0,0.0,0.0,0.0,0.0,0.0,0.0,0.0,0.0,0.0,0.0,0.0,0.0,0.0,0.0,0.0,0.0,0.0,0.0,0.0,0.0,0.0,0.0,0.0,0.0,0.0,0.0,0.0,0.0,0.0,0.0,0.0,0.0,0.0,0.0,0.0,0.0,0.0,0.0,0.0,0.0,0.0,0.0,0.0,0.0,0.0,0.0,0.0,0.0,0.0,0.0,0.0,0.0,0.0,0.0,0.0,0.0,0.0,0.0,0.0,0.0,0.0,0.0,0.0,0.0,0.0,0.0,0.0,0.0,0.0,0.0,0.0,0.0,0.0,0.0,0.0,0.0,0.0,0.0,0.0,0.0,0.0,0.0,0.0,0.0,0.0,0.0,0.0,0.0,0.0,0.0,0.0,0.0,0.0,0.0,0.0,0.0,0.0,0.0,0.0,0.0,0.0,0.0,0.0,0.0,0.0,0.0,0.0,0.0,0.0,0.0,0.0,0.0,0.0,
FRN067F,0.0,0.0,0.0,0.0,0.0,0.0,0.0,0.0,0.0,0.0,0.0,0.0,0.0,0.0,0.0,0.0,0.0,0.0,0.0,0.0,0.0,0.0,0.0,0.0,0.0,0.0,0.0,0.0,0.0,0.0,0.0,0.0,0.0,0.0,0.0,0.0,0.0,0.0,0.0,0.0,0.0,0.0,0.0,0.0,0.0,0.0,0.0,0.0,0.0,0.0,0.0,0.0,0.0,0.0,0.0,0.0,0.0,0.0,0.0,0.0,0.0,0.0,0.0,0.0,0.0,0.0,0.0,0.0,0.0,0.0,0.0,0.0,0.0,0.0,0.0,0.0,0.0,0.0,0.0,0.0,0.0,0.0,0.0,0.0,0.0,0.0,0.0,0.0,0.0,0.0,0.0,0.0,0.0,0.0,0.0,0.0,0.0,0.0,0.0,0.0,0.0,0.0,0.0,0.0,0.0,0.0,0.0,0.0,0.0,0.0,0.0,0.0,0.0,0.0,
FRN067G,0.0,0.0,0.0,0.0,0.0,0.0,0.0,0.0,0.0,0.0,0.0,0.0,0.0,0.0,0.0,0.0,0.0,0.0,0.0,0.0,0.0,0.0,0.0,0.0,0.0,0.0,0.0,0.0,0.0,0.0,0.0,0.0,0.0,0.0,0.0,0.0,0.0,0.0,0.0,0.0,0.0,0.0,0.0,0.0,0.0,0.0,0.0,0.0,0.0,0.0,0.0,0.0,0.0,0.0,0.0,0.0,0.0,0.0,0.0,0.0,0.0,0.0,0.0,0.0,0.0,0.0,0.0,0.0,0.0,0.0,0.0,0.0,0.0,0.0,0.0,0.0,0.0,0.0,0.0,0.0,0.0,0.0,0.0,0.0,0.0,0.0,0.0,0.0,0.0,0.0,0.0,0.0,0.0,0.0,0.0,0.0,0.0,0.0,0.0,0.0,0.0,0.0,0.0,0.0,0.0,0.0,0.0,0.0,0.0,0.0,0.0,0.0,0.0,0.0,
FRN067H,0.0,0.0,0.0,0.0,0.0,0.0,0.0,0.0,0.0,0.0,0.0,0.0,0.0,0.0,0.0,0.0,0.0,0.0,0.0,0.0,0.0,0.0,0.0,0.0,0.0,0.0,0.0,0.0,0.0,0.0,0.0,0.0,0.0,0.0,0.0,0.0,0.0,0.0,0.0,0.0,0.0,0.0,0.0,0.0,0.0,0.0,0.0,0.0,0.0,0.0,0.0,0.0,0.0,0.0,0.0,0.0,0.0,0.0,0.0,0.0,0.0,0.0,0.0,0.0,0.0,0.0,0.0,0.0,0.0,0.0,0.0,0.0,0.0,0.0,0.0,0.0,0.0,0.0,0.0,0.0,0.0,0.0,0.0,0.0,0.0,0.0,0.0,0.0,0.0,0.0,0.0,0.0,0.0,0.0,0.0,0.0,0.0,0.0,0.0,0.0,0.0,0.0,0.0,0.0,0.0,0.0,0.0,0.0,0.0,0.0,0.0,0.0,0.0,0.0,
FRN067I,0.0,0.0,0.0,0.0,0.0,0.0,0.0,0.0,0.0,0.0,0.0,0.0,0.0,0.0,0.0,0.0,0.0,0.0,0.0,0.0,0.0,0.0,0.0,0.0,0.0,0.0,0.0,0.0,0.0,0.0,0.0,0.0,0.0,0.0,0.0,0.0,0.0,0.0,0.0,0.0,0.0,0.0,0.0,0.0,0.0,0.0,0.0,0.0,0.0,0.0,0.0,0.0,0.0,0.0,0.0,0.0,0.0,0.0,0.0,0.0,0.0,0.0,0.0,0.0,0.0,0.0,0.0,0.0,0.0,0.0,0.0,0.0,0.0,0.0,0.0,0.0,0.0,0.0,0.0,0.0,0.0,0.0,0.0,0.0,0.0,0.0,0.0,0.0,0.0,0.0,0.0,0.0,0.0,0.0,0.0,0.0,0.0,0.0,0.0,0.0,0.0,0.0,0.0,0.0,0.0,0.0,0.0,0.0,0.0,0.0,0.0,0.0,0.0,0.0,
FRN067J,0.0,0.0,0.0,0.0,0.0,0.0,0.0,0.0,0.0,0.0,0.0,0.0,0.0,0.0,0.0,0.0,0.0,0.0,0.0,0.0,0.0,0.0,0.0,0.0,0.0,0.0,0.0,0.0,0.0,0.0,0.0,0.0,0.0,0.0,0.0,0.0,0.0,0.0,0.0,0.0,0.0,0.0,0.0,0.0,0.0,0.0,0.0,0.0,0.0,0.0,0.0,0.0,0.0,0.0,0.0,0.0,0.0,0.0,0.0,0.0,0.0,0.0,0.0,0.0,0.0,0.0,0.0,0.0,0.0,0.0,0.0,0.0,0.0,0.0,0.0,0.0,0.0,0.0,0.0,0.0,0.0,0.0,0.0,0.0,0.0,0.0,0.0,0.0,0.0,0.0,0.0,0.0,0.0,0.0,0.0,0.0,0.0,0.0,0.0,0.0,0.0,0.0,0.0,0.0,0.0,0.0,0.0,0.0,0.0,0.0,0.0,0.0,0.0,0.0,
FRN067K,0.0,0.0,0.0,0.0,0.0,0.0,0.0,0.0,0.0,0.0,0.0,0.0,0.0,0.0,0.0,0.0,0.0,0.0,0.0,0.0,0.0,0.0,0.0,0.0,0.0,0.0,0.0,0.0,0.0,0.0,0.0,0.0,0.0,0.0,0.0,0.0,0.0,0.0,0.0,0.0,0.0,0.0,0.0,0.0,0.0,0.0,0.0,0.0,0.0,0.0,0.0,0.0,0.0,0.0,0.0,0.0,0.0,0.0,0.0,0.0,0.0,0.0,0.0,0.0,0.0,0.0,0.0,0.0,0.0,0.0,0.0,0.0,0.0,0.0,0.0,0.0,0.0,0.0,0.0,0.0,0.0,0.0,0.0,0.0,0.0,0.0,0.0,0.0,0.0,0.0,0.0,0.0,0.0,0.0,0.0,0.0,0.0,0.0,0.0,0.0,0.0,0.0,0.0,0.0,0.0,0.0,0.0,0.0,0.0,0.0,0.0,0.0,0.0,0.0,
FRN067L,0.0,0.0,0.0,0.0,0.0,0.0,0.0,0.0,0.0,0.0,0.0,0.0,0.0,0.0,0.0,0.0,0.0,0.0,0.0,0.0,0.0,0.0,0.0,0.0,0.0,0.0,0.0,0.0,0.0,0.0,0.0,0.0,0.0,0.0,0.0,0.0,0.0,0.0,0.0,0.0,0.0,0.0,0.0,0.0,0.0,0.0,0.0,0.0,0.0,0.0,0.0,0.0,0.0,0.0,0.0,0.0,0.0,0.0,0.0,0.0,0.0,0.0,0.0,0.0,0.0,0.0,0.0,0.0,0.0,0.0,0.0,0.0,0.0,0.0,0.0,0.0,0.0,0.0,0.0,0.0,0.0,0.0,0.0,0.0,0.0,0.0,0.0,0.0,0.0,0.0,0.0,0.0,0.0,0.0,0.0,0.0,0.0,0.0,0.0,0.0,0.0,0.0,0.0,0.0,0.0,0.0,0.0,0.0,0.0,0.0,0.0,0.0,0.0,0.0,
FRN071A,0.0,0.0,0.0,0.0,0.0,0.0,0.0,0.0,0.0,0.0,0.0,0.0,0.0,0.0,0.0,0.0,0.0,0.0,0.0,0.0,0.0,0.001001318625882908,7.885059122724848e-05,0.0,0.0,0.0,0.0,0.0,0.0,0.0,0.0,0.0,0.0,0.0,0.0,0.0,0.0,0.0,0.0,0.0,0.0,0.0,4.249396981015537e-05,0.0,0.0,0.0,0.0,0.0,0.0,0.0,0.0,0.0,0.0,0.0,0.0,0.0,0.0,0.0,9.666958506447166e-05,0.0,0.0,0.0,0.0,0.0,0.0,0.0,0.0,0.0,0.0,0.0,0.0,0.0,0.0,0.0,0.0,0.0,0.0,0.0,0.0,0.0,0.0,0.0,0.0,0.0,0.0,0.0,0.0,0.0,0.0,0.0,0.0,0.0,0.0,0.0,0.0,0.0,0.0,0.0,0.0,0.0,0.0,0.0,0.0,0.0,0.0,0.0,0.0,0.0,0.0,0.0,0.0,0.0,0.0,0.0,
FRN071B,0.0,0.0,0.0,0.0,0.0,0.0,0.0,0.0,0.0,0.0,0.0,0.0,0.0,0.0,0.00010296672745710008,0.0,0.0,0.0,0.0,0.0,0.0,0.0010893295270657697,0.00041291201811200986,0.0,0.0,0.0,0.0,0.0,0.0,0.0,0.0,0.0,0.0,0.0,0.0,0.0,0.0,0.0,0.0,0.0,0.0,0.0,0.00016245998694462916,0.0,0.0,0.0,0.0,0.0,0.0,0.0,0.0,0.0,0.0,0.0,3.2827557047448935e-05,0.0,0.0,0.0,0.0,0.0,8.033256026977442e-05,0.0,0.0,0.0,0.0,0.0,0.0,0.0,0.0,0.0,0.0,0.0,0.0,0.0,0.0,0.0,0.0,0.0,0.0,0.0,0.0,0.0,0.0,0.0,0.0,0.0,0.0,0.0,0.0,0.0,0.0,0.0,0.0,0.0,0.0,0.0,0.0,0.0,0.0,0.0,0.0,0.0,0.0,0.0,0.0,0.0,0.0,0.0,0.0,0.0,0.0,0.0,0.0,0.0,
FRN071C,0.0003086725654937099,0.0,0.0,0.0,0.0,0.0,0.0,0.0,0.0,0.0,0.0,0.0,0.0,0.0,7.828595907823179e-05,0.0,0.0,0.0,0.0,0.0,0.0,0.002136535043830764,0.00013227763681164325,0.0,0.0,0.0,0.0,0.0,0.0,0.0,0.0,0.0,0.0,0.0,0.0,0.0,0.0,0.0,0.0,0.0,0.0,0.0,0.00021574265085847586,0.0,0.0,0.0,0.0,0.0,0.0,0.0,0.0,0.0,0.0,0.0,2.6004787742482325e-05,0.0,0.0,0.0,0.00010343535825516824,0.0,0.00010278182956877796,0.0,0.0,0.0,0.0,0.0,0.0,0.0,0.0,0.0,0.0,0.0,0.0,0.0,0.0,0.0,0.0,0.0,0.0,0.0,0.0,0.0,0.0,0.0,0.0,0.0,0.0,0.0,0.0,0.0,0.0,0.0,0.0,0.0,0.0,0.0,0.0,0.0,0.0,0.0,0.0,0.0,0.0,0.0,0.0,0.0,0.0,0.0,0.0,0.0,0.0,0.0,0.0,0.0,
FRN071D,5.089553190043474e-05,0.0,0.0,0.0,0.0,0.0,0.0,0.0,0.0,0.0,0.0,0.0,0.0,0.0,0.0,0.0,0.0,0.0,0.0,0.0,0.0,0.002887258556494794,0.0005134878622022682,0.0,0.0,0.0,0.0,0.0,0.0,0.0,0.0,0.0,0.0,0.0,0.0,0.0,0.0,0.0,0.0,0.00010369922056739048,0.0,0.0,0.00016581016957954982,0.0,0.0,0.0,0.0,0.0,0.0,0.0,0.0,0.0,0.0,0.0,3.369930368137878e-05,0.0,0.0,0.0,3.2903290868173094e-05,0.0,8.137786051392989e-05,0.0,0.0,0.0,0.0,0.0,0.0,0.0,0.0,0.0,0.0,0.0,0.0,0.0,0.0,0.0,0.0,0.0,0.0,0.0,0.0,0.0,0.0,0.0,0.0,0.0,0.0,0.0,0.0,0.0,0.0,0.0,0.0,0.0,0.0,0.0,0.0,0.0,0.0,0.0,0.0,0.0,0.0,0.0,0.0,0.0,0.0,0.0,0.0,0.0,0.0,0.0,0.0,0.0,
FRN077A,0.0,0.0,0.0,9.427794673547036e-07,0.0,0.0,7.654974068943006e-06,0.0,0.00019748698176393263,9.86158645902368e-05,0.00011569765283967043,0.0,6.545933209760454e-05,0.0,0.0,0.0,0.0,5.826153503651985e-05,3.3539466786378293e-05,0.0,0.0,5.458565404561136e-06,0.0,0.0,7.366541021987244e-05,0.0,0.0,0.0,0.0,0.0,0.0,0.0,0.0,0.0,0.0,0.0,0.0,0.0,2.971247904764364e-05,4.579540497182522e-05,1.044716640353926e-05,3.612059296745265e-05,0.0,0.0,0.0,0.0,0.0,0.0,0.0,0.0,0.0,0.0,1.9267889371911634e-05,0.0,1.4308985979057752e-05,0.0,0.0,0.0,7.949936886313128e-06,0.0,1.8039895037844632e-05,0.0,0.0,0.0,0.0,0.0,0.0,0.0,0.0,0.0,0.0,0.0,0.0,0.0,0.0,0.0,0.0,0.0,0.0,0.0,0.0,0.0,0.0,0.0,0.0,0.0,0.0,0.0,0.0,0.0,0.0,0.0,0.0,0.0,0.0,0.0,0.0,0.0,0.0,0.0,0.0,0.0,0.0,0.0,0.0,0.0,0.0,0.0,0.0,0.0,0.0,0.0,0.0,0.0,
FRN077B,0.0005569270052562207,0.0,0.0,1.7684238295619293e-06,0.0,0.0,0.0,0.0,0.00010748859610563761,0.00014082196673098984,0.00010767014671372627,0.0,4.184479445395806e-05,0.0,4.9503383142764284e-05,0.0,0.0,3.352162375954256e-05,0.0,0.0,0.0,7.673570293517928e-06,0.0,0.0,5.4756665970486415e-05,0.0,0.0,0.0,0.0,0.0,0.0,0.0,0.0,0.0,0.0,0.0,0.0,0.0,6.764350800028998e-05,5.887106134506925e-06,0.0,3.3572823180310595e-05,0.0,0.0,0.0,0.0,0.0,0.0,0.0,0.0,0.0,0.0,0.0,0.0001583538297903031,0.0,0.00012031116969173456,0.0,0.0,1.0938675183591197e-05,0.0,2.4685348482910875e-05,0.0,0.0,0.0,0.0,0.0,0.0,0.0,0.0,0.0,0.0,0.0,0.0,0.0,0.0,0.0,0.0,0.0,0.0,0.0,0.0,0.0,0.0,0.0,0.0,0.0,0.0,0.0,0.0,0.0,0.0,0.0,0.0,0.0,0.0,0.0,0.0,0.0,0.0,0.0,0.0,0.0,0.0,0.0,0.0,0.0,0.0,0.0,0.0,0.0,0.0,0.0,0.0,0.0,
FRN077C,0.0,0.0,0.0,2.1605166683699927e-06,0.0,0.0,2.37888668856914e-05,0.0,0.00017970484042750156,4.9028874709116844e-05,0.00014168078066473775,0.0,3.849510877247196e-05,0.0,6.267595893382458e-05,0.0,0.0,4.5263169692011416e-05,0.0,0.0,0.0,6.203126654990198e-06,0.0,0.0,0.00011895281485481453,0.0,0.0,0.0,0.0,0.0,0.0,0.0,0.0,0.0,0.0,0.0,0.0,0.0,4.933950658471843e-05,2.0738843041673763e-05,0.0,3.8032498450967056e-05,0.0,0.0,0.0,0.0,0.0,0.0,0.0,0.0,0.0,0.0,0.0,0.0003277703830648106,9.550807402732437e-06,0.0,0.0,0.0,8.793401802994675e-06,0.0,2.135670248923503e-05,0.0,0.0,0.0,0.0,0.0,0.0,0.0,0.0,0.0,0.0,0.0,0.0,0.0,0.0,0.0,0.0,0.0,0.0,0.0,0.0,0.0,0.0,0.0,0.0,0.0,0.0,0.0,0.0,0.0,0.0,0.0,0.0,0.0,0.0,0.0,0.0,0.0,0.0,0.0,0.0,0.0,0.0,0.0,0.0,0.0,0.0,0.0,0.0,0.0,0.0,0.0,0.0,0.0,
FRN077D,0.00045864247375069963,0.0,0.0,4.578420921437998e-06,0.0,0.0,1.5223574200246898e-05,0.0,0.000655853920258014,0.0001353720537960574,0.00011229003702211309,0.0,9.200290759737683e-05,0.0,0.0001080755787168415,0.0,0.0,9.51227170500332e-05,2.97652442317178e-05,0.0,0.0,1.9021415170993904e-05,0.0,0.0001474153392309014,8.820459440321668e-05,0.0,0.0,0.0,0.0,0.0,0.0,0.0,0.0,0.0,0.0,0.0,0.0,0.0,7.729680445490167e-05,4.489701473275643e-05,0.0,3.513176714516426e-05,0.0,0.0,0.0,0.0,0.0,0.0,0.0,0.0,0.0,0.0,2.0210615022940017e-05,0.0,1.1833360158315618e-05,0.0,0.0,0.0,4.896896389283193e-05,0.0,3.0145343101992984e-05,0.0,0.0,0.0,0.0,0.0,0.0,0.0,0.0,0.0,0.0,0.0,0.0,0.0,0.0,0.0,0.0,0.0,0.0,0.0,0.0,0.0,0.0,0.0,0.0,0.0,0.0,0.0,0.0,0.0,0.0,0.0,0.0,0.0,0.0,0.0,0.0,0.0,0.0,0.0,0.0,0.0,0.0,0.0,0.0,0.0,0.0,0.0,0.0,0.0,0.0,0.0,0.0,0.0,
FRN087A,0.000224673548259426,0.0,0.0,0.0,0.0,0.0,5.469217495235105e-05,9.681738208927039e-06,0.0,5.332831297883621e-06,0.0,0.0,7.6082923543332825e-06,0.0,0.00018983775186587977,7.949578273617286e-05,0.0001931649530264633,0.0,0.0,0.0,0.00027574124469652365,0.0,0.00014261194780485306,0.0,0.0,0.0,2.13690668195219e-06,0.0,0.0,0.0,0.0,0.0,0.0,0.0,0.0,0.0,0.0,0.0,0.0,0.0,0.0,0.0002822731212547038,0.0,0.0,0.0,0.0,0.0,0.0,0.0,0.00012054228550336274,0.0,0.0,0.0,0.0,0.0,0.0,0.0,0.0,0.00033656426403090746,0.0,0.0,0.0,0.0,0.0,0.0,0.0,0.0,0.0,0.0,0.0,0.0,0.0,0.0,0.0,0.0,0.0,0.0,0.0,0.0,0.0,0.0,0.0,0.0,0.0,0.0,0.0,0.0,0.0,0.0,0.0,0.0,0.0,0.0,0.0,0.0,0.0,0.0,0.0,0.0,0.0,0.0,0.0,0.0,0.0,0.0,0.0,0.0,0.0,0.0,0.0,0.0,0.0,0.0,0.0,
FRN087B,0.0,0.0,0.0,0.0,0.0,0.0,4.639897256429131e-05,2.0886942427852208e-05,0.0,2.889856612746172e-06,7.949159981978206e-05,0.0,4.201521253144925e-06,0.0,9.358735019528536e-05,0.00023170681639768658,0.00010418530818890642,0.0,0.0,0.0,0.0002600824650104718,0.0,3.483505466182768e-05,0.0,0.0,0.0,6.260104583200876e-06,0.0,0.0,1.688537463632931e-05,0.0,0.0,9.016534994980457e-05,0.0,0.0,0.0,0.0,0.0,0.0,0.0,0.0,0.0003172645830237455,0.0,0.0,0.0,0.0,0.0,0.0,0.0,0.0,5.05539086260066e-05,0.0,0.0,0.0,0.0,0.0,0.0,0.0,0.0001819633112045815,0.0,0.0,0.0,0.0,0.0,0.0,0.0,0.0,0.0,0.0,0.0,0.0,0.0,0.0,0.0,0.0,0.0,0.0,0.0,0.0,0.0,0.0,0.0,0.0,0.0,0.0,0.0,0.0,0.0,0.0,0.0,0.0,0.0,0.0,0.0,0.0,0.0,0.0,0.0,0.0,0.0,0.0,0.0,0.0,0.0,0.0,0.0,0.0,0.0,0.0,0.0,0.0,0.0,0.0,0.0,
FRN087C,0.000522185411466438,0.0,0.0,0.0,0.0,0.0,0.0,3.9413606863479896e-05,5.454787257749617e-05,0.0,7.025781691384397e-05,0.0,1.2339668901495613e-05,0.0,0.00017242814277555553,0.00010886446206897602,0.00012184179575214665,0.0,0.0,0.0,0.0003009823052032179,0.0,0.0001303855933473067,0.0,0.0,0.0,0.0,0.0,0.0,0.0,0.0,0.0,7.675190210300647e-05,0.0,0.0,0.0,0.0,0.0,0.0,0.0,0.0,0.0008571271568570521,0.0,0.0,0.0,0.0,0.0,0.0,0.0,0.00018395808991270672,0.0,0.0,0.0,0.0,5.1969717596111666e-06,0.0,0.0,0.0,0.000396949652140721,3.032963241867705e-06,0.0,0.0,0.0,0.0,0.0,0.0,0.0,0.0,0.0,0.0,0.0,0.0,0.0,0.0,0.0,0.0,0.0,0.0,0.0,0.0,0.0,0.0,0.0,0.0,0.0,0.0,0.0,0.0,0.0,0.0,0.0,0.0,0.0,0.0,0.0,0.0,0.0,0.0,0.0,0.0,0.0,0.0,0.0,0.0,0.0,0.0,0.0,0.0,0.0,0.0,0.0,0.0,0.0,0.0,
FRN087D,0.0,0.0,0.0,0.0,0.0,0.0,4.008595880458418e-05,4.92165163034025e-05,5.872438616856737e-05,3.3718719003089544e-06,2.7262224567658195e-05,0.0,1.939146549310664e-05,0.0,0.00016970431383720445,2.0294449106500028e-05,0.0001576390219583451,0.0,0.0,0.0,0.00015992180330267675,0.0,0.00017851367220934596,0.0,0.0,0.0,3.3624338279272603e-06,0.0,0.0,6.213900909429214e-05,0.0,0.0,7.635673201038748e-05,0.0,0.0,0.0,0.0,0.0,0.0,0.0,0.0,0.00043487370059686715,0.0,0.0,0.0,0.0,0.0,0.0,0.0,0.00016759337832382616,5.41420024119979e-05,0.0,0.0,0.0,0.0,0.0,0.0,0.0,0.0006527848145554296,7.427763337525668e-06,0.0,0.0,0.0,0.0,0.0,0.0,0.0,0.0,0.0,0.0,0.0,0.0,0.0,0.0,0.0,0.0,0.0,0.0,0.0,0.0,0.0,0.0,0.0,0.0,0.0,0.0,0.0,0.0,0.0,0.0,0.0,0.0,0.0,0.0,0.0,0.0,0.0,0.0,0.0,0.0,0.0,0.0,0.0,0.0,0.0,0.0,0.0,0.0,0.0,0.0,0.0,0.0,0.0,0.0,
FRN087E,0.0,0.0,0.0,0.0,0.0,0.0,2.441145568512124e-05,1.9812382916385773e-05,0.00010132512328423523,4.502607948707395e-06,7.041181551604354e-05,0.0,1.3390973665062995e-05,0.0,0.00023974909473317994,3.312279397600973e-05,0.00027796877375912385,0.0,0.0,0.0,0.0005470521655234187,0.0,6.428850937510714e-05,0.0,0.0,0.0,4.5783040110881e-06,0.0,0.0,1.3251683330762646e-05,0.0,0.0,0.00032082237047695896,0.0,0.0,0.0,0.0,0.0,0.0,0.0,0.0,0.00020186193432415687,0.0,0.0,0.0,0.0,0.0,0.0,0.0,0.0001714812008611594,5.037135118200536e-05,0.0,0.0,0.0,0.0,0.0,0.0,0.0,0.0008306091493863548,0.0,0.0,0.0,0.0,0.0,0.0,0.0,0.0,0.0,0.0,0.0,0.0,0.0,0.0,0.0,0.0,0.0,0.0,0.0,0.0,0.0,0.0,0.0,0.0,0.0,0.0,0.0,0.0,0.0,0.0,0.0,0.0,0.0,0.0,0.0,0.0,0.0,0.0,0.0,0.0,0.0,0.0,0.0,0.0,0.0,0.0,0.0,0.0,0.0,0.0,0.0,0.0,0.0,0.0,0.0,
FRN088A,0.0,0.0,0.0,0.0002355907879910937,0.0,0.0,7.937634999338028e-06,9.823260921874494e-05,0.001252763294894521,2.811305284683525e-06,0.0005649429790496934,0.0,7.584873565056352e-05,0.0,9.079793757904669e-05,0.00018998353693355132,0.00018488073562929658,0.0,0.0,0.0,0.0007915471503156917,0.0,0.0002128420388679527,0.0,0.0,0.0,1.0746522132667392e-06,0.0,0.0,2.027054132316257e-05,0.0,0.0,2.190166220095643e-06,0.0,0.0,0.0,0.0,0.0,0.0,0.00010223683840866902,0.0,0.0,0.0,0.0,0.0,0.0,0.0,0.0,0.0,0.00014121510359902574,4.68241214926614e-06,0.0,0.0,0.0,0.0,0.0,0.0,0.0,0.00038740124726055854,1.7241379832137557e-06,0.0,3.8333014715450345e-07,0.0,0.0,0.0,0.0,0.0,0.0,0.0,0.0,0.0,0.0,0.0,0.0,0.0,0.0,0.0,0.0,0.0,0.0,0.0,0.0,0.0,0.0,0.0,0.0,0.0,0.0,0.0,0.0,0.0,0.0,0.0,0.0,0.0,0.0,0.0,0.0,0.0,0.0,0.0,0.0,0.0,0.0,0.0,0.0,0.0,0.0,0.0,0.0,0.0,0.0,0.0,0.0,
FRN088B,0.0008250366101279064,0.0,0.0,0.0003924060250146187,0.0,0.0,0.0,0.00021730387491999793,0.0010591287883990293,9.537930810848585e-06,5.156390200000585e-05,0.0,4.237051617611279e-07,0.0,9.897954592761877e-05,0.00010614202445943169,0.00021258118048952772,0.0,0.0,0.0,0.00015508561142728728,0.0,0.0,0.0,0.0,0.0,5.4448047031652525e-06,0.0,0.0,0.0,0.0,0.0,0.0,0.0,0.0,0.0,0.0,0.0,0.0,0.0,0.0,0.00012186491246207272,0.0,0.0,0.0,0.0,0.0,0.0,0.0,4.7466345427382535e-05,4.742344777292269e-05,0.0,1.009974195957367e-06,0.0,4.416470277661954e-06,0.0,0.0,0.0,0.0006912761926553342,3.0802915591917216e-06,5.113352965351396e-05,9.017841984354876e-07,0.0,0.0,0.0,0.0,0.0,0.0,0.0,0.0,0.0,0.0,0.0,0.0,0.0,0.0,0.0,0.0,0.0,0.0,0.0,0.0,0.0,0.0,0.0,0.0,0.0,0.0,0.0,0.0,0.0,0.0,0.0,0.0,0.0,0.0,0.0,0.0,0.0,0.0,0.0,0.0,0.0,0.0,0.0,0.0,0.0,0.0,0.0,0.0,0.0,0.0,0.0,0.0,
FRN088C,0.0006253214142699367,0.0,0.0,0.00014060723634813836,0.0,0.0,1.7512829506650293e-05,4.243855667072737e-05,0.00023454546058935643,1.991255442617026e-06,5.9503631122761124e-05,0.0,2.5344773204839234e-06,0.0,7.0916231101375245e-06,1.851969708592061e-05,0.00012986610198611437,0.0,6.620264364823872e-06,0.0,8.045189615629473e-05,0.0,8.954645534031546e-05,0.0,0.0,0.0,1.932906733422049e-06,0.0,0.0,1.6810136225588332e-05,0.0,0.0,0.0001342644482010328,4.3677267585137497e-07,0.0,0.0,0.0,0.0,0.0,0.0,0.0,3.6534639555936706e-06,0.0,0.0,0.0,0.0,0.0,0.0,0.0,4.3018198490843425e-05,1.2435466492219323e-05,0.0,0.0,0.0,1.3159978678721274e-05,0.0,0.0,0.0,3.849669642403871e-05,1.3707537830142899e-05,7.808159334346354e-06,1.82215074385555e-06,0.0,0.0,6.9746057578743605e-06,0.0,0.0,0.0,0.0,0.0,0.0,0.0,0.0,0.0,0.0,0.0,0.0,0.0,0.0,0.0,0.0,0.0,0.0,0.0,0.0,0.0,0.0,0.0,0.0,0.0,0.0,0.0,0.0,0.0,0.0,0.0,0.0,0.0,0.0,0.0,0.0,0.0,0.0,0.0,0.0,0.0,0.0,0.0,0.0,0.0,0.0,0.0,0.0,0.0,
FRN089A,0.004422242381675095,0.0,0.0,0.0003074672837996665,0.0,0.0,1.4520263086116e-05,0.0,0.0,2.5858955142201842e-06,1.3055557153900675e-05,0.0,0.0003390368686093637,0.0,1.868077363086725e-05,0.00035584435944376166,0.0001578719741476074,0.0,0.0,0.0,5.2616413529308357e-05,0.0,0.00029325403459731146,0.0,0.0,0.0,0.0,9.165214725145859e-07,0.0,9.668822079101874e-06,0.0,0.0,0.000530907794853034,0.0,0.0,0.0,0.0,0.0,0.0,4.201240974995246e-05,0.0,0.0005445542654081572,0.0,0.0,0.0,0.0,0.0,0.0,0.0,0.0,1.1691734242966253e-05,0.0,0.0,0.0,0.0,0.0,0.0,0.0,0.0,0.0,0.0,0.0,0.0,0.0,0.0,0.0,0.0,0.0,0.0,0.0,0.0,0.0,0.0,0.0,0.0,0.0,0.0,0.0,0.0,0.0,0.0,0.0,0.0,0.0,0.0,0.0,0.0,0.0,0.0,0.0,0.0,0.0,0.0,0.0,0.0,0.0,0.0,0.0,0.0,0.0,0.0,0.0,0.0,0.0,0.0,0.0,0.0,0.0,0.0,0.0,0.0,0.0,0.0,0.0,
FRN089B,0.0107853187746464,0.0,0.0,0.0006500005490984584,0.0,0.0,3.7153006099829865e-05,0.0,0.0,2.796777378698416e-07,0.00022843512883463692,0.0,0.00027654187787502305,0.0,2.2253601393910296e-05,8.938264078981808e-05,9.951608498331376e-05,0.0,0.0,0.0,0.0007505716399733724,0.0,0.0001402750713909612,0.0,0.0,0.0,0.0,0.0,0.0,0.0,0.0,0.0,0.00036857752792648934,0.00017110428687619039,0.0,0.0,0.0,0.0,0.0,5.4152150716538594e-05,0.0,0.00015488321343259568,0.0,0.0,0.0,0.0,0.0,0.0,0.0,4.783009154880329e-05,6.096386039590623e-06,0.0,0.0,0.0,0.0,0.0,0.0,0.0,2.3285689126751592e-05,0.0,0.0,0.0,0.0,0.0,0.0,0.0,0.0,0.0,0.0,0.0,0.0,0.0,0.0,0.0,0.0,0.0,0.0,0.0,0.0,0.0,0.0,0.0,0.0,0.0,0.0,0.0,0.0,0.0,0.0,0.0,0.0,0.0,0.0,0.0,0.0,0.0,0.0,0.0,0.0,0.0,0.0,0.0,0.0,0.0,0.0,0.0,0.0,0.0,0.0,0.0,0.0,0.0,0.0,0.0,
FRN089C,0.016668892675704778,0.0,0.0,0.0010142987854579975,0.0,0.0,1.6972649614248112e-05,2.3072190196833274e-05,0.0,1.327303404878823e-06,0.00019276458417171835,0.0,0.0,0.0,3.658273346833241e-05,8.185640222423262e-05,8.986756062592155e-05,0.0,0.0,0.0,0.0001607811786887844,0.0,2.459893863347205e-05,0.0,0.0,0.0,0.0,3.732801859260656e-06,0.0,0.0,0.0,0.0,0.000271755186361065,0.0003052759772468796,0.0,0.0,0.0,0.0,0.0,5.5735940947153955e-05,0.0,9.501590113540106e-05,0.0,0.0,0.0,0.0,0.0,0.0,0.0,0.00015567660953020487,0.0,0.0,0.0,0.0,0.0,0.0,0.0,0.0,0.0,0.0,0.0,0.0,0.0,0.0,0.0,0.0,0.0,0.0,0.0,0.0,0.0,0.0,0.0,0.0,0.0,0.0,0.0,0.0,0.0,0.0,0.0,0.0,0.0,0.0,0.0,0.0,0.0,0.0,0.0,0.0,0.0,0.0,0.0,0.0,0.0,0.0,0.0,0.0,0.0,0.0,0.0,0.0,0.0,0.0,0.0,0.0,0.0,0.0,0.0,0.0,0.0,0.0,0.0,0.0,
FRN089D,0.028877629469210082,0.0,0.0,0.0014690047292931102,0.0,0.0,4.7482370031292876e-05,2.670929025222195e-05,0.0,0.0,0.0007093579758352369,0.0,0.0,0.0,0.0,0.00034990085926425685,0.00016615120364395656,0.0,0.0,0.0,0.0013637628092802217,0.0,0.0002081476002013606,0.0,0.0,0.0,0.0,0.0,0.0,0.0,0.0,0.0,0.0007249658254164822,0.0004020980524517346,0.0,0.0,0.0,0.0,0.0,0.0,0.0,0.0,0.0,0.0,0.0,0.0,0.0,0.0,0.0,0.0,7.4575192649430456e-06,0.0,0.0,0.0,0.0,0.0,0.0,0.0,0.00019353649904333697,0.0,0.0,0.0,0.0,0.0,0.0,0.0,0.0,0.0,0.0,0.0,0.0,0.0,0.0,0.0,0.0,0.0,0.0,0.0,0.0,0.0,0.0,0.0,0.0,0.0,0.0,0.0,0.0,0.0,0.0,0.0,0.0,0.0,0.0,0.0,0.0,0.0,0.0,0.0,0.0,0.0,0.0,0.0,0.0,0.0,0.0,0.0,0.0,0.0,0.0,0.0,0.0,0.0,0.0,0.0,
FRN090A,0.0,0.0,0.0,0.0008565903822858363,0.0,0.0,2.5908719755705872e-05,0.0,0.0,0.0,2.4259292046899287e-05,0.0,0.0,0.0,0.0,0.0,0.0,0.0,0.0,0.0,0.0,0.0,0.0,0.0,0.0,0.0,0.0,0.0,0.0,0.0,0.0,0.0,0.0,1.5232995328083831e-06,0.0,0.0,0.0,0.0,0.0,0.0,0.0,0.0,0.0,0.0,0.0,0.0,0.0,0.0,0.0,0.0006212494095245967,0.0,0.0,0.0,0.0,0.0,0.0,0.0,0.0,2.7135261470199815e-06,0.0,0.0,0.0,0.0,0.0,0.0,0.0,0.0,0.0,0.0,0.0,0.0,0.0,0.0,0.0,0.0,0.0,0.0,0.0,0.0,0.0,0.0,0.0,0.0,0.0,0.0,0.0,0.0,0.0,0.0,0.0,0.0,0.0,0.0,0.0,0.0,0.0,0.0,0.0,0.0,0.0,0.0,0.0,0.0,0.0,0.0,0.0,0.0,0.0,0.0,0.0,0.0,0.0,0.0,0.0,
FRN090B,0.0,0.0,0.0,0.0004562063685486681,0.0,0.0,0.0,0.0,0.0,0.0,0.0,0.0,0.0,0.0,0.0,0.0,0.0,0.0,0.0,0.0,0.0,0.0,0.0,0.0,0.0,0.0,0.0,0.0,0.0,0.0,0.0,0.0,0.0,3.805931749742258e-06,0.0,0.0,0.0,0.0,0.0,8.984055209340583e-05,0.0,0.0,0.0,0.0,0.0,0.0,0.0,0.0,0.0,0.00023749553160516042,0.0,0.0,0.0,0.0,0.0,0.0,0.0,0.0,6.098264834515852e-06,0.0,0.0,0.0,0.0,0.0,0.0,0.0,0.0,0.0,0.0,0.0,0.0,0.0,0.0,0.0,0.0,0.0,0.0,0.0,0.0,0.0,0.0,0.0,0.0,0.0,0.0,0.0,0.0,0.0,0.0,0.0,0.0,0.0,0.0,0.0,0.0,0.0,0.0,0.0,0.0,0.0,0.0,0.0,0.0,0.0,0.0,0.0,0.0,0.0,0.0,0.0,0.0,0.0,0.0,0.0,
FRN090C,0.0,0.0,0.0,0.0005136904739114234,0.0,0.0,2.335655041071968e-05,0.0,0.0,0.0,4.0556765791153366e-05,0.0,0.0,0.0,0.0,6.123388412519773e-06,1.2863360030806041e-05,0.0,0.0,0.0,1.2268031287247902e-06,0.0,0.0,0.0,0.0,0.0,7.243570312008398e-07,0.0,0.0,0.0,0.0,0.0,0.0,2.688774897468874e-06,0.0,0.0,0.0,0.0,0.0,0.00031246940972418444,0.0,0.0,0.0,0.0,0.0,0.0,0.0,0.0,0.0,0.0005129660182983057,0.0,0.0,0.0,0.0,0.0,0.0,0.0,0.0,2.7814729520897674e-06,0.0,0.0,0.0,0.0,0.0,0.0,0.0,0.0,0.0,0.0,0.0,0.0,0.0,0.0,0.0,0.0,0.0,0.0,0.0,0.0,0.0,0.0,0.0,0.0,0.0,0.0,0.0,0.0,0.0,0.0,0.0,0.0,0.0,0.0,0.0,0.0,0.0,0.0,0.0,0.0,0.0,0.0,0.0,0.0,0.0,0.0,0.0,0.0,0.0,0.0,0.0,0.0,0.0,0.0,0.0,
FRN090D,0.0,0.0,0.0,0.00048413981657088894,0.0,0.0,0.0,0.0,0.0,0.0,2.9350716640855713e-05,0.0,0.0,0.0,0.0,2.0309758856989663e-06,2.867063408505527e-05,0.0,0.0,0.0,0.0,0.0,0.0,0.0,0.0,0.0,1.7056436904415434e-06,0.0,0.0,0.0,0.0,0.0,0.0,1.0298810837589072e-06,0.0,0.0,0.0,0.0,0.0,0.00039628356373462976,0.0,0.0,0.0,0.0,0.0,0.0,0.0,0.0,0.0,0.00015079228538323532,0.0,0.0,0.0,0.0,0.0,0.0,0.0,0.0,6.740111403222375e-08,0.0,0.0,0.0,0.0,0.0,0.0,0.0,0.0,0.0,0.0,0.0,0.0,0.0,0.0,0.0,0.0,0.0,0.0,0.0,0.0,0.0,0.0,0.0,0.0,0.0,0.0,0.0,0.0,0.0,0.0,0.0,0.0,0.0,0.0,0.0,0.0,0.0,0.0,0.0,0.0,0.0,0.0,0.0,0.0,0.0,0.0,0.0,0.0,0.0,0.0,0.0,0.0,0.0,0.0,0.0,
FRN091,0.0,0.0,0.0,0.006680954123695008,0.0,0.0,4.7153262867705624e-05,0.00017231608035172744,0.0010415142323742556,1.6647223105569542e-06,6.214073782354252e-05,0.0,0.0,0.0,1.68452593592595e-05,0.00011325274064097163,0.0002598657760659246,0.0,0.0,0.0,0.00032126464854603586,0.0,0.00016928251361654083,0.0,0.0,0.0,0.0,6.316151313543622e-06,0.0,0.00013203600286895587,0.0,0.0,0.0004392224059660494,0.00046023893236687085,0.0,0.0,0.0,0.0,0.0,0.00015295298922298413,0.0,2.775867777808475e-05,0.0,0.0,0.0,0.0,0.0,0.0,0.0,4.17994694650928e-05,1.0379195648300578e-05,0.0,0.0,0.0,0.0,0.0,0.0,0.0,0.00014695107272459903,0.0,0.0,0.0,0.0,0.0,0.0,0.0,0.0,0.0,0.0,0.0,0.0,0.0,0.0,0.0,0.0,0.0,0.0,0.0,0.0,0.0,0.0,0.0,0.0,0.0,0.0,0.0,0.0,0.0,0.0,0.0,0.0,0.0,0.0,0.0,0.0,0.0,0.0,0.0,0.0,0.0,0.0,0.0,0.0,0.0,0.0,0.0,0.0,0.0,0.0,0.0,0.0,0.0,0.0,0.0,
FRN092A,0.0,0.0,0.0,0.0,0.0,0.0,0.0,7.174614867945475e-05,0.0021739757732804205,7.354998848282936e-06,0.00020806359915533378,0.0,0.0,0.0,0.0003185366701353658,0.00010426660285662287,0.0,0.0,0.0,0.0,0.0014584223636368021,0.0,7.479810054451665e-05,0.0,0.00018096168192395723,0.0,0.0,3.7025229107363897e-06,0.0,4.045571217640983e-05,0.0,0.0,9.713977295962637e-05,0.0001000038960992375,0.0,0.0,0.0,0.0,0.0,0.00021156408539029078,0.0,0.00022849285441748244,0.0,0.0,0.0,0.0,0.0,0.0,0.0,0.00044987541656234763,1.9254223982227434e-05,0.0,0.0,0.0,0.0,0.0,0.0,0.0,0.0002536585050325837,0.0,3.969047233594242e-06,0.0,0.0,0.0,0.0,0.0,0.0,0.0,0.0,0.0,0.0,0.0,0.0,0.0,0.0,0.0,0.0,0.0,0.0,0.0,0.0,0.0,0.0,0.0,0.0,0.0,0.0,0.0,0.0,0.0,0.0,0.0,0.0,0.0,0.0,0.0,0.0,0.0,0.0,0.0,0.0,0.0,0.0,0.0,0.0,0.0,0.0,0.0,0.0,0.0,0.0,0.0,0.0,0.0,
FRN092B,0.0,0.0,0.0,0.0,0.0,0.0,0.0,0.0,0.0,0.0,0.0,0.0,0.0,0.0,0.0,0.0,0.0,0.0,0.0,0.0,0.0,0.0,0.0,0.0,0.0,0.0,0.0,0.0,0.0,0.0,0.0,0.0,0.0,0.0,0.0,0.0,0.0,0.0,0.0,0.0,0.0,0.0,0.0,0.0,0.0,0.0,0.0,0.0,0.0,0.0,0.0,0.0,0.0,0.0,0.0,0.0,0.0,0.0,0.0,0.0,0.0,0.0,0.0,0.0,0.0,0.0,0.0,0.0,0.0,0.0,0.0,0.0,0.0,0.0,0.0,0.0,0.0,0.0,0.0,0.0,0.0,0.0,0.0,0.0,0.0,0.0,0.0,0.0,0.0,0.0,0.0,0.0,0.0,0.0,0.0,0.0,0.0,0.0,0.0,0.0,0.0,0.0,0.0,0.0,0.0,0.0,0.0,0.0,0.0,0.0,0.0,0.0,0.0,0.0,
FRN093A,5.7379922661691204e-05,0.0,0.0,0.0017856581792762582,0.0,0.0,9.617346696000513e-06,5.639214371486016e-05,0.00010196448310523508,0.0,0.00016484911954218584,0.0,0.0,0.0,0.0,0.0,4.303411398051042e-07,0.0,0.0,0.0,0.0,0.0,0.00016745823956914587,0.0,0.0,0.0,0.0,0.0,0.0,0.0,0.0,0.0,0.0,0.0,0.0,0.0,0.0,0.0,0.0,0.0005697559391940212,0.0,0.0,0.0,0.0,0.0,0.0,0.0,0.0,0.0,0.00041924704218520003,0.0,0.0,0.0,0.0,0.0,0.0,0.0,0.0,0.0,0.0,0.0,0.0,0.0,0.0,0.0,0.0,0.0,0.0,0.0,0.0,0.0,0.0,0.0,0.0,0.0,0.0,0.0,0.0,0.0,0.0,0.0,0.0,0.0,0.0,0.0,0.0,0.0,0.0,0.0,0.0,0.0,0.0,0.0,0.0,0.0,0.0,0.0,0.0,0.0,0.0,0.0,0.0,0.0,0.0,0.0,0.0,0.0,0.0,0.0,0.0,0.0,0.0,0.0,0.0,
FRN093B,0.0001028554284356673,0.0,8.905146471962944e-05,0.0018695438679411668,0.0,0.0,0.0,9.26181454518129e-05,0.00032069318594645153,3.062411813122631e-06,0.0003194827838496578,0.0,9.509982194796508e-07,0.0,0.0,1.7323855541978824e-07,2.1881358931133265e-05,0.0,0.0,0.0,6.825880162161592e-06,0.0,0.00014262516243217555,5.135695749503878e-07,0.0,0.0,0.0,0.0,0.0,0.0,0.0,0.0,0.0,0.0,0.0,0.0,0.0,0.0,0.0,0.000467167690713918,0.0,0.0,0.0,0.0,0.0,0.0,0.0,0.0,0.0,0.0006531629157886239,0.0,0.0,0.0,0.0,0.0,0.0,0.0,0.0,0.0,0.0,0.0,0.0,0.0,0.0,0.0,0.0,0.0,0.0,0.0,0.0,0.0,0.0,0.0,0.0,0.0,0.0,0.0,0.0,0.0,0.0,0.0,0.0,0.0,0.0,0.0,0.0,0.0,0.0,0.0,0.0,0.0,0.0,0.0,0.0,0.0,0.0,0.0,0.0,0.0,0.0,0.0,0.0,0.0,0.0,0.0,0.0,0.0,0.0,0.0,0.0,0.0,0.0,0.0,0.0,
FRN093C,0.0004198690641962706,0.0,0.00042669933419287916,0.001882660443736289,0.0,0.0,1.5728542457838986e-05,0.00013065772086023238,0.0002835731831358705,1.0196471632017061e-06,8.612129615267492e-05,0.0,0.0,0.0,0.0,0.0,4.686828456584919e-05,0.0,0.0,0.0,0.0001446735699898522,3.9201380404122285e-05,0.000309027504383434,5.996061096567722e-05,0.0,0.0,0.0,0.0,0.0,1.2775101497147384e-05,0.0,0.0,1.698876164642147e-05,0.0,0.0,0.0,0.0,0.0,0.0,0.00034699281639558825,0.0,0.0,0.0,0.0,0.0,0.0,0.0,0.0,0.0,0.00034184862438072747,0.0,0.0,0.0,0.0,0.0,0.0,0.0,0.0,0.0,0.0,1.4970303295978878e-06,0.0,0.0,0.0,0.0,0.0,0.0,0.0,0.0,0.0,0.0,0.0,0.0,0.0,0.0,0.0,0.0,0.0,0.0,0.0,0.0,0.0,0.0,0.0,0.0,0.0,0.0,0.0,0.0,0.0,0.0,0.0,0.0,0.0,0.0,0.0,0.0,0.0,0.0,0.0,0.0,0.0,0.0,0.0,0.0,0.0,0.0,0.0,0.0,0.0,0.0,0.0,0.0,0.0,
FRN094A,0.0,0.0,2.0116913033583934e-05,0.0009387610664633205,3.624203516248114e-05,0.0,0.0,0.0,0.0,0.0,0.0,0.0,0.0,0.0,7.890174578671556e-06,0.0,7.48447643902155e-05,0.0,0.0,0.0,0.0,0.0,0.0,4.733679803334091e-05,4.1444655487178504e-05,0.0,7.3070153271735756e-06,0.0,0.0,0.0,0.0,0.0,0.0,0.0,0.0,0.0,0.0,0.0,0.0,0.0005082577541057223,0.0,0.0,0.0,0.0,0.0,0.0,0.0,0.0,0.0,0.0007365760625656147,0.0,0.0,0.0,0.0,0.0,0.0,0.0,0.0,0.0,0.0,0.0,0.0,0.0,0.0,0.0,0.0,0.0,0.0,0.0,0.0,0.0,0.0,0.0,0.0,0.0,0.0,0.0,0.0,0.0,0.0,0.0,0.0,0.0,0.0,0.0,0.0,0.0,0.0,0.0,0.0,0.0,0.0,0.0,0.0,0.0,0.0,0.0,0.0,0.0,0.0,0.0,0.0,0.0,0.0,0.0,0.0,0.0,0.0,0.0,0.0,0.0,0.0,0.0,0.0,
FRN094B,0.0,0.0,4.5176632087172455e-05,0.0022542246625468602,1.1446796638989313e-05,0.0,0.0,0.0,0.0,0.0,0.0,0.0,0.0,0.0,2.65510825691492e-06,0.0,0.0001400879922926443,0.0,0.0,0.0,0.0,0.0,0.0,4.720714284468818e-05,0.0003307847347722217,0.0,2.1062545194480317e-05,0.0,0.0,4.579853702620304e-07,0.0,0.0,0.0,0.0,0.0,0.0,0.0,0.0,0.0,0.00014820504854593482,0.0,0.0,0.0,0.0,0.0,0.0,0.0,0.0,0.0,0.0005420189564983803,1.7954846189981612e-07,0.0,0.0,0.0,0.0,0.0,0.0,0.0,9.935960747786122e-07,2.2908071185473323e-06,5.730828441677848e-07,0.0,0.0,0.0,0.0,0.0,0.0,0.0,0.0,0.0,0.0,0.0,0.0,0.0,0.0,0.0,0.0,0.0,0.0,0.0,0.0,0.0,0.0,0.0,0.0,0.0,0.0,0.0,0.0,0.0,0.0,0.0,0.0,0.0,0.0,0.0,0.0,0.0,0.0,0.0,0.0,0.0,0.0,0.0,0.0,0.0,0.0,0.0,0.0,0.0,0.0,0.0,0.0,0.0,
FRN094C,0.0,0.0,0.00017865076253213274,0.0023740170104948263,8.938798830940932e-06,0.0,0.0,0.0,0.0,0.0,0.0,0.0,0.0,0.0,3.238291284387441e-05,2.167695731732525e-06,4.58154208567105e-05,0.0,0.0,0.0,2.1999999999999997e-06,0.0,0.0,0.0,0.00039926505300808956,0.0,6.989947563844047e-05,0.0,0.0,0.0,0.0,0.0,5.84068626829907e-07,9.1902460716545e-08,0.0,0.0,0.0,0.0,0.0,0.00021641078056593724,0.0,0.0,1.3382365307162892e-07,0.0,0.0,0.0,0.0,0.0,0.0,0.0003549282773160612,0.0,0.0,0.0,0.0,0.0,0.0,0.0,0.0,1.852622460044268e-06,3.1856514168608883e-07,0.0,0.0,0.0,0.0,0.0,0.0,0.0,2.4185641223483213e-07,0.0,0.0,0.0,0.0,0.0,0.0,0.0,0.0,0.0,0.0,0.0,0.0,0.0,0.0,0.0,0.0,0.0,0.0,0.0,0.0,0.0,0.0,0.0,0.0,0.0,0.0,0.0,0.0,0.0,0.0,0.0,0.0,0.0,0.0,0.0,0.0,0.0,0.0,0.0,0.0,0.0,0.0,0.0,0.0,0.0,0.0,
FRN097A,0.0,0.0,0.0,0.0,0.0,0.0,0.0,0.0,0.0,0.0,0.0,0.0,0.0,0.0,0.0,0.0,0.0,0.0,0.0,0.0,0.0,0.0,0.0,0.0,0.0,0.0,0.0,0.0,0.0,0.0,0.0,0.0,0.0,0.0,0.0,0.0,0.0,0.0,0.0,0.0,0.0,0.0,0.0,0.0,0.0,0.0,0.0,0.0,0.0,0.0,0.0,0.0,0.0,0.0,0.0,0.0,0.0,0.0,0.0,0.0,0.0,0.0,0.0,0.0,0.0,0.0,0.0,0.0,0.0,0.0,0.0,0.0,0.0,0.0,0.0,0.0,0.0,0.0,0.0,0.0,0.0,0.0,0.0,0.0,0.0,0.0,0.0,0.0,0.0,0.0,0.0,0.0,0.0,0.0,0.0,0.0,0.0,0.0,0.0,0.0,0.0,0.0,0.0,0.0,0.0,0.0,0.0,0.0,0.0,0.0,0.0,0.0,0.0,0.0,
FRN097B,0.0,0.0,0.0,0.0,0.0,0.0,0.0,0.0,0.0,0.0,0.0,0.0,0.0,0.0,0.0,0.0,0.0,0.0,0.0,0.0,0.0,0.0,0.0,0.0,0.0,0.0,0.0,0.0,0.0,0.0,0.0,0.0,0.0,0.0,0.0,0.0,0.0,0.0,0.0,0.0,0.0,0.0,0.0,0.0,0.0,0.0,0.0,0.0,0.0,0.0,0.0,0.0,0.0,0.0,0.0,0.0,0.0,0.0,0.0,0.0,0.0,0.0,0.0,0.0,0.0,0.0,0.0,0.0,0.0,0.0,0.0,0.0,0.0,0.0,0.0,0.0,0.0,0.0,0.0,0.0,0.0,0.0,0.0,0.0,0.0,0.0,0.0,0.0,0.0,0.0,0.0,0.0,0.0,0.0,0.0,0.0,0.0,0.0,0.0,0.0,0.0,0.0,0.0,0.0,0.0,0.0,0.0,0.0,0.0,0.0,0.0,0.0,0.0,0.0,
FRN097C,0.0,0.0,0.0,0.0,0.0,0.0,0.0,0.0,0.0,0.0,0.0,0.0,0.0,0.0,0.0,0.0,0.0,0.0,0.0,0.0,0.0,0.0,0.0,0.0,0.0,0.0,0.0,0.0,0.0,0.0,0.0,0.0,0.0,0.0,0.0,0.0,0.0,0.0,0.0,0.0,0.0,0.0,0.0,0.0,0.0,0.0,0.0,0.0,0.0,0.0,0.0,0.0,0.0,0.0,0.0,0.0,0.0,0.0,0.0,0.0,0.0,0.0,0.0,0.0,0.0,0.0,0.0,0.0,0.0,0.0,0.0,0.0,0.0,0.0,0.0,0.0,0.0,0.0,0.0,0.0,0.0,0.0,0.0,0.0,0.0,0.0,0.0,0.0,0.0,0.0,0.0,0.0,0.0,0.0,0.0,0.0,0.0,0.0,0.0,0.0,0.0,0.0,0.0,0.0,0.0,0.0,0.0,0.0,0.0,0.0,0.0,0.0,0.0,0.0,
FRN097D,0.0,0.0,0.0,0.0,0.0,0.0,0.0,0.0,0.0,0.0,0.0,0.0,0.0,0.0,0.0,0.0,0.0,0.0,0.0,0.0,0.0,0.0,0.0,0.0,0.0,0.0,0.0,0.0,0.0,0.0,0.0,0.0,0.0,0.0,0.0,0.0,0.0,0.0,0.0,0.0,0.0,0.0,0.0,0.0,0.0,0.0,0.0,0.0,0.0,0.0,0.0,0.0,0.0,0.0,0.0,0.0,0.0,0.0,0.0,0.0,0.0,0.0,0.0,0.0,0.0,0.0,0.0,0.0,0.0,0.0,0.0,0.0,0.0,0.0,0.0,0.0,0.0,0.0,0.0,0.0,0.0,0.0,0.0,0.0,0.0,0.0,0.0,0.0,0.0,0.0,0.0,0.0,0.0,0.0,0.0,0.0,0.0,0.0,0.0,0.0,0.0,0.0,0.0,0.0,0.0,0.0,0.0,0.0,0.0,0.0,0.0,0.0,0.0,0.0,
FRN097E,0.0,0.0,0.0,0.0,0.0,0.0,0.0,0.0,0.0,0.0,0.0,0.0,0.0,0.0,0.0,0.0,0.0,0.0,0.0,0.0,0.0,0.0,0.0,0.0,0.0,0.0,0.0,0.0,0.0,0.0,0.0,0.0,0.0,0.0,0.0,0.0,0.0,0.0,0.0,0.0,0.0,0.0,0.0,0.0,0.0,0.0,0.0,0.0,0.0,0.0,0.0,0.0,0.0,0.0,0.0,0.0,0.0,0.0,0.0,0.0,0.0,0.0,0.0,0.0,0.0,0.0,0.0,0.0,0.0,0.0,0.0,0.0,0.0,0.0,0.0,0.0,0.0,0.0,0.0,0.0,0.0,0.0,0.0,0.0,0.0,0.0,0.0,0.0,0.0,0.0,0.0,0.0,0.0,0.0,0.0,0.0,0.0,0.0,0.0,0.0,0.0,0.0,0.0,0.0,0.0,0.0,0.0,0.0,0.0,0.0,0.0,0.0,0.0,0.0,
FRN097F,0.0,0.0,0.0,0.0,0.0,0.0,0.0,0.0,0.0,0.0,0.0,0.0,0.0,0.0,0.0,0.0,0.0,0.0,0.0,0.0,0.0,0.0,0.0,0.0,0.0,0.0,0.0,0.0,0.0,0.0,0.0,0.0,0.0,0.0,0.0,0.0,0.0,0.0,0.0,0.0,0.0,0.0,0.0,0.0,0.0,0.0,0.0,0.0,0.0,0.0,0.0,0.0,0.0,0.0,0.0,0.0,0.0,0.0,0.0,0.0,0.0,0.0,0.0,0.0,0.0,0.0,0.0,0.0,0.0,0.0,0.0,0.0,0.0,0.0,0.0,0.0,0.0,0.0,0.0,0.0,0.0,0.0,0.0,0.0,0.0,0.0,0.0,0.0,0.0,0.0,0.0,0.0,0.0,0.0,0.0,0.0,0.0,0.0,0.0,0.0,0.0,0.0,0.0,0.0,0.0,0.0,0.0,0.0,0.0,0.0,0.0,0.0,0.0,0.0,
FRN097G,0.0,0.0,0.0,0.0,0.0,0.0,0.0,0.0,0.0,0.0,0.0,0.0,0.0,0.0,0.0,0.0,0.0,0.0,0.0,0.0,0.0,0.0,0.0,0.0,0.0,0.0,0.0,0.0,0.0,0.0,0.0,0.0,0.0,0.0,0.0,0.0,0.0,0.0,0.0,0.0,0.0,0.0,0.0,0.0,0.0,0.0,0.0,0.0,0.0,0.0,0.0,0.0,0.0,0.0,0.0,0.0,0.0,0.0,0.0,0.0,0.0,0.0,0.0,0.0,0.0,0.0,0.0,0.0,0.0,0.0,0.0,0.0,0.0,0.0,0.0,0.0,0.0,0.0,0.0,0.0,0.0,0.0,0.0,0.0,0.0,0.0,0.0,0.0,0.0,0.0,0.0,0.0,0.0,0.0,0.0,0.0,0.0,0.0,0.0,0.0,0.0,0.0,0.0,0.0,0.0,0.0,0.0,0.0,0.0,0.0,0.0,0.0,0.0,0.0,
FRN097H,0.0,0.0,0.0,0.0,0.0,0.0,0.0,0.0,0.0,0.0,0.0,0.0,0.0,0.0,0.0,0.0,0.0,0.0,0.0,0.0,0.0,0.0,0.0,0.0,0.0,0.0,0.0,0.0,0.0,0.0,0.0,0.0,0.0,0.0,0.0,0.0,0.0,0.0,0.0,0.0,0.0,0.0,0.0,0.0,0.0,0.0,0.0,0.0,0.0,0.0,0.0,0.0,0.0,0.0,0.0,0.0,0.0,0.0,0.0,0.0,0.0,0.0,0.0,0.0,0.0,0.0,0.0,0.0,0.0,0.0,0.0,0.0,0.0,0.0,0.0,0.0,0.0,0.0,0.0,0.0,0.0,0.0,0.0,0.0,0.0,0.0,0.0,0.0,0.0,0.0,0.0,0.0,0.0,0.0,0.0,0.0,0.0,0.0,0.0,0.0,0.0,0.0,0.0,0.0,0.0,0.0,0.0,0.0,0.0,0.0,0.0,0.0,0.0,0.0,
FRN097I,0.0,0.0,0.0,0.0,0.0,0.0,0.0,0.0,0.0,0.0,0.0,0.0,0.0,0.0,0.0,0.0,0.0,0.0,0.0,0.0,0.0,0.0,0.0,0.0,0.0,0.0,0.0,0.0,0.0,0.0,0.0,0.0,0.0,0.0,0.0,0.0,0.0,0.0,0.0,0.0,0.0,0.0,0.0,0.0,0.0,0.0,0.0,0.0,0.0,0.0,0.0,0.0,0.0,0.0,0.0,0.0,0.0,0.0,0.0,0.0,0.0,0.0,0.0,0.0,0.0,0.0,0.0,0.0,0.0,0.0,0.0,0.0,0.0,0.0,0.0,0.0,0.0,0.0,0.0,0.0,0.0,0.0,0.0,0.0,0.0,0.0,0.0,0.0,0.0,0.0,0.0,0.0,0.0,0.0,0.0,0.0,0.0,0.0,0.0,0.0,0.0,0.0,0.0,0.0,0.0,0.0,0.0,0.0,0.0,0.0,0.0,0.0,0.0,0.0,
FRN097J,0.0,0.0,0.0,0.0,0.0,0.0,0.0,0.0,0.0,0.0,0.0,0.0,0.0,0.0,0.0,0.0,0.0,0.0,0.0,0.0,0.0,0.0,0.0,0.0,0.0,0.0,0.0,0.0,0.0,0.0,0.0,0.0,0.0,0.0,0.0,0.0,0.0,0.0,0.0,0.0,0.0,0.0,0.0,0.0,0.0,0.0,0.0,0.0,0.0,0.0,0.0,0.0,0.0,0.0,0.0,0.0,0.0,0.0,0.0,0.0,0.0,0.0,0.0,0.0,0.0,0.0,0.0,0.0,0.0,0.0,0.0,0.0,0.0,0.0,0.0,0.0,0.0,0.0,0.0,0.0,0.0,0.0,0.0,0.0,0.0,0.0,0.0,0.0,0.0,0.0,0.0,0.0,0.0,0.0,0.0,0.0,0.0,0.0,0.0,0.0,0.0,0.0,0.0,0.0,0.0,0.0,0.0,0.0,0.0,0.0,0.0,0.0,0.0,0.0,
FRN097K,0.0,0.0,0.0,0.0,0.0,0.0,0.0,0.0,0.0,0.0,0.0,0.0,0.0,0.0,0.0,0.0,0.0,0.0,0.0,0.0,0.0,0.0,0.0,0.0,0.0,0.0,0.0,0.0,0.0,0.0,0.0,0.0,0.0,0.0,0.0,0.0,0.0,0.0,0.0,0.0,0.0,0.0,0.0,0.0,0.0,0.0,0.0,0.0,0.0,0.0,0.0,0.0,0.0,0.0,0.0,0.0,0.0,0.0,0.0,0.0,0.0,0.0,0.0,0.0,0.0,0.0,0.0,0.0,0.0,0.0,0.0,0.0,0.0,0.0,0.0,0.0,0.0,0.0,0.0,0.0,0.0,0.0,0.0,0.0,0.0,0.0,0.0,0.0,0.0,0.0,0.0,0.0,0.0,0.0,0.0,0.0,0.0,0.0,0.0,0.0,0.0,0.0,0.0,0.0,0.0,0.0,0.0,0.0,0.0,0.0,0.0,0.0,0.0,0.0,
FRN097L,0.0,0.0,0.0,0.0,0.0,0.0,0.0,0.0,0.0,0.0,0.0,0.0,0.0,0.0,0.0,0.0,0.0,0.0,0.0,0.0,0.0,0.0,0.0,0.0,0.0,0.0,0.0,0.0,0.0,0.0,0.0,0.0,0.0,0.0,0.0,0.0,0.0,0.0,0.0,0.0,0.0,0.0,0.0,0.0,0.0,0.0,0.0,0.0,0.0,0.0,0.0,0.0,0.0,0.0,0.0,0.0,0.0,0.0,0.0,0.0,0.0,0.0,0.0,0.0,0.0,0.0,0.0,0.0,0.0,0.0,0.0,0.0,0.0,0.0,0.0,0.0,0.0,0.0,0.0,0.0,0.0,0.0,0.0,0.0,0.0,0.0,0.0,0.0,0.0,0.0,0.0,0.0,0.0,0.0,0.0,0.0,0.0,0.0,0.0,0.0,0.0,0.0,0.0,0.0,0.0,0.0,0.0,0.0,0.0,0.0,0.0,0.0,0.0,0.0,
FRN097M,0.0,0.0,0.0,0.0,0.0,0.0,0.0,0.0,0.0,0.0,0.0,0.0,0.0,0.0,0.0,0.0,0.0,0.0,0.0,0.0,0.0,0.0,0.0,0.0,0.0,0.0,0.0,0.0,0.0,0.0,0.0,0.0,0.0,0.0,0.0,0.0,0.0,0.0,0.0,0.0,0.0,0.0,0.0,0.0,0.0,0.0,0.0,0.0,0.0,0.0,0.0,0.0,0.0,0.0,0.0,0.0,0.0,0.0,0.0,0.0,0.0,0.0,0.0,0.0,0.0,0.0,0.0,0.0,0.0,0.0,0.0,0.0,0.0,0.0,0.0,0.0,0.0,0.0,0.0,0.0,0.0,0.0,0.0,0.0,0.0,0.0,0.0,0.0,0.0,0.0,0.0,0.0,0.0,0.0,0.0,0.0,0.0,0.0,0.0,0.0,0.0,0.0,0.0,0.0,0.0,0.0,0.0,0.0,0.0,0.0,0.0,0.0,0.0,0.0,
FRN097N,0.0,0.0,0.0,0.0,0.0,0.0,0.0,0.0,0.0,0.0,0.0,0.0,0.0,0.0,0.0,0.0,0.0,0.0,0.0,0.0,0.0,0.0,0.0,0.0,0.0,0.0,0.0,0.0,0.0,0.0,0.0,0.0,0.0,0.0,0.0,0.0,0.0,0.0,0.0,0.0,0.0,0.0,0.0,0.0,0.0,0.0,0.0,0.0,0.0,0.0,0.0,0.0,0.0,0.0,0.0,0.0,0.0,0.0,0.0,0.0,0.0,0.0,0.0,0.0,0.0,0.0,0.0,0.0,0.0,0.0,0.0,0.0,0.0,0.0,0.0,0.0,0.0,0.0,0.0,0.0,0.0,0.0,0.0,0.0,0.0,0.0,0.0,0.0,0.0,0.0,0.0,0.0,0.0,0.0,0.0,0.0,0.0,0.0,0.0,0.0,0.0,0.0,0.0,0.0,0.0,0.0,0.0,0.0,0.0,0.0,0.0,0.0,0.0,0.0,
FRN097O,0.0,0.0,0.0,0.0,0.0,0.0,0.0,0.0,0.0,0.0,0.0,0.0,0.0,0.0,0.0,0.0,0.0,0.0,0.0,0.0,0.0,0.0,0.0,0.0,0.0,0.0,0.0,0.0,0.0,0.0,0.0,0.0,0.0,0.0,0.0,0.0,0.0,0.0,0.0,0.0,0.0,0.0,0.0,0.0,0.0,0.0,0.0,0.0,0.0,0.0,0.0,0.0,0.0,0.0,0.0,0.0,0.0,0.0,0.0,0.0,0.0,0.0,0.0,0.0,0.0,0.0,0.0,0.0,0.0,0.0,0.0,0.0,0.0,0.0,0.0,0.0,0.0,0.0,0.0,0.0,0.0,0.0,0.0,0.0,0.0,0.0,0.0,0.0,0.0,0.0,0.0,0.0,0.0,0.0,0.0,0.0,0.0,0.0,0.0,0.0,0.0,0.0,0.0,0.0,0.0,0.0,0.0,0.0,0.0,0.0,0.0,0.0,0.0,0.0,
FRN098A,0.0,0.0,0.0,0.0,0.0,0.0,0.0,0.0,0.0,0.0,0.0,0.0,0.0,0.0,0.0,0.0,0.0,0.0,0.0,0.0,0.0,0.0,0.0,0.0,0.0,0.0,0.0,0.0,0.0,0.0,0.0,0.0,0.0,0.0,0.0,0.0,0.0,0.0,0.0,0.0,0.0,0.0,0.0,0.0,0.0,0.0,0.0,0.0,0.0,0.0,0.0,0.0,0.0,0.0,0.0,0.0,0.0,0.0,0.0,0.0,0.0,0.0,0.0,0.0,0.0,0.0,0.0,0.0,0.0,0.0,0.0,0.0,0.0,0.0,0.0,0.0,0.0,0.0,0.0,0.0,0.0,0.0,0.0,0.0,0.0,0.0,0.0,0.0,0.0,0.0,0.0,0.0,0.0,0.0,0.0,0.0,0.0,0.0,0.0,0.0,0.0,0.0,0.0,0.0,0.0,0.0,0.0,0.0,0.0,0.0,0.0,0.0,0.0,0.0,
FRN098B,0.0,0.0,0.0,0.0,0.0,0.0,0.0,0.0,0.0,0.0,0.0,0.0,0.0,0.0,0.0,0.0,0.0,0.0,0.0,0.0,0.0,0.0,0.0,0.0,0.0,0.0,0.0,0.0,0.0,0.0,0.0,0.0,0.0,0.0,0.0,0.0,0.0,0.0,0.0,0.0,0.0,0.0,0.0,0.0,0.0,0.0,0.0,0.0,0.0,0.0,0.0,0.0,0.0,0.0,0.0,0.0,0.0,0.0,0.0,0.0,0.0,0.0,0.0,0.0,0.0,0.0,0.0,0.0,0.0,0.0,0.0,0.0,0.0,0.0,0.0,0.0,0.0,0.0,0.0,0.0,0.0,0.0,0.0,0.0,0.0,0.0,0.0,0.0,0.0,0.0,0.0,0.0,0.0,0.0,0.0,0.0,0.0,0.0,0.0,0.0,0.0,0.0,0.0,0.0,0.0,0.0,0.0,0.0,0.0,0.0,0.0,0.0,0.0,0.0,
FRN098C,0.0,0.0,0.0,0.0,0.0,0.0,0.0,0.0,0.0,0.0,0.0,0.0,0.0,0.0,0.0,0.0,0.0,0.0,0.0,0.0,0.0,0.0,0.0,0.0,0.0,0.0,0.0,0.0,0.0,0.0,0.0,0.0,0.0,0.0,0.0,0.0,0.0,0.0,0.0,0.0,0.0,0.0,0.0,0.0,0.0,0.0,0.0,0.0,0.0,0.0,0.0,0.0,0.0,0.0,0.0,0.0,0.0,0.0,0.0,0.0,0.0,0.0,0.0,0.0,0.0,0.0,0.0,0.0,0.0,0.0,0.0,0.0,0.0,0.0,0.0,0.0,0.0,0.0,0.0,0.0,0.0,0.0,0.0,0.0,0.0,0.0,0.0,0.0,0.0,0.0,0.0,0.0,0.0,0.0,0.0,0.0,0.0,0.0,0.0,0.0,0.0,0.0,0.0,0.0,0.0,0.0,0.0,0.0,0.0,0.0,0.0,0.0,0.0,0.0,
FRN098D,0.0,0.0,0.0,0.0,0.0,0.0,0.0,0.0,0.0,0.0,0.0,0.0,0.0,0.0,0.0,0.0,0.0,0.0,0.0,0.0,0.0,0.0,0.0,0.0,0.0,0.0,0.0,0.0,0.0,0.0,0.0,0.0,0.0,0.0,0.0,0.0,0.0,0.0,0.0,0.0,0.0,0.0,0.0,0.0,0.0,0.0,0.0,0.0,0.0,0.0,0.0,0.0,0.0,0.0,0.0,0.0,0.0,0.0,0.0,0.0,0.0,0.0,0.0,0.0,0.0,0.0,0.0,0.0,0.0,0.0,0.0,0.0,0.0,0.0,0.0,0.0,0.0,0.0,0.0,0.0,0.0,0.0,0.0,0.0,0.0,0.0,0.0,0.0,0.0,0.0,0.0,0.0,0.0,0.0,0.0,0.0,0.0,0.0,0.0,0.0,0.0,0.0,0.0,0.0,0.0,0.0,0.0,0.0,0.0,0.0,0.0,0.0,0.0,0.0,
FRN098E,0.0,0.0,0.0,0.0,0.0,0.0,0.0,0.0,0.0,0.0,0.0,0.0,0.0,0.0,0.0,0.0,0.0,0.0,0.0,0.0,0.0,0.0,0.0,0.0,0.0,0.0,0.0,0.0,0.0,0.0,0.0,0.0,0.0,0.0,0.0,0.0,0.0,0.0,0.0,0.0,0.0,0.0,0.0,0.0,0.0,0.0,0.0,0.0,0.0,0.0,0.0,0.0,0.0,0.0,0.0,0.0,0.0,0.0,0.0,0.0,0.0,0.0,0.0,0.0,0.0,0.0,0.0,0.0,0.0,0.0,0.0,0.0,0.0,0.0,0.0,0.0,0.0,0.0,0.0,0.0,0.0,0.0,0.0,0.0,0.0,0.0,0.0,0.0,0.0,0.0,0.0,0.0,0.0,0.0,0.0,0.0,0.0,0.0,0.0,0.0,0.0,0.0,0.0,0.0,0.0,0.0,0.0,0.0,0.0,0.0,0.0,0.0,0.0,0.0,
FRN098F,0.0,0.0,0.0,0.0,0.0,0.0,0.0,0.0,0.0,0.0,0.0,0.0,0.0,0.0,0.0,0.0,0.0,0.0,0.0,0.0,0.0,0.0,0.0,0.0,0.0,0.0,0.0,0.0,0.0,0.0,0.0,0.0,0.0,0.0,0.0,0.0,0.0,0.0,0.0,0.0,0.0,0.0,0.0,0.0,0.0,0.0,0.0,0.0,0.0,0.0,0.0,0.0,0.0,0.0,0.0,0.0,0.0,0.0,0.0,0.0,0.0,0.0,0.0,0.0,0.0,0.0,0.0,0.0,0.0,0.0,0.0,0.0,0.0,0.0,0.0,0.0,0.0,0.0,0.0,0.0,0.0,0.0,0.0,0.0,0.0,0.0,0.0,0.0,0.0,0.0,0.0,0.0,0.0,0.0,0.0,0.0,0.0,0.0,0.0,0.0,0.0,0.0,0.0,0.0,0.0,0.0,0.0,0.0,0.0,0.0,0.0,0.0,0.0,0.0,
FRN098G,0.0,0.0,0.0,0.0,0.0,0.0,0.0,0.0,0.0,0.0,0.0,0.0,0.0,0.0,0.0,0.0,0.0,0.0,0.0,0.0,0.0,0.0,0.0,0.0,0.0,0.0,0.0,0.0,0.0,0.0,0.0,0.0,0.0,0.0,0.0,0.0,0.0,0.0,0.0,0.0,0.0,0.0,0.0,0.0,0.0,0.0,0.0,0.0,0.0,0.0,0.0,0.0,0.0,0.0,0.0,0.0,0.0,0.0,0.0,0.0,0.0,0.0,0.0,0.0,0.0,0.0,0.0,0.0,0.0,0.0,0.0,0.0,0.0,0.0,0.0,0.0,0.0,0.0,0.0,0.0,0.0,0.0,0.0,0.0,0.0,0.0,0.0,0.0,0.0,0.0,0.0,0.0,0.0,0.0,0.0,0.0,0.0,0.0,0.0,0.0,0.0,0.0,0.0,0.0,0.0,0.0,0.0,0.0,0.0,0.0,0.0,0.0,0.0,0.0,
FRN098H,0.0,0.0,0.0,0.0,0.0,0.0,0.0,0.0,0.0,0.0,0.0,0.0,0.0,0.0,0.0,0.0,0.0,0.0,0.0,0.0,0.0,0.0,0.0,0.0,0.0,0.0,0.0,0.0,0.0,0.0,0.0,0.0,0.0,0.0,0.0,0.0,0.0,0.0,0.0,0.0,0.0,0.0,0.0,0.0,0.0,0.0,0.0,0.0,0.0,0.0,0.0,0.0,0.0,0.0,0.0,0.0,0.0,0.0,0.0,0.0,0.0,0.0,0.0,0.0,0.0,0.0,0.0,0.0,0.0,0.0,0.0,0.0,0.0,0.0,0.0,0.0,0.0,0.0,0.0,0.0,0.0,0.0,0.0,0.0,0.0,0.0,0.0,0.0,0.0,0.0,0.0,0.0,0.0,0.0,0.0,0.0,0.0,0.0,0.0,0.0,0.0,0.0,0.0,0.0,0.0,0.0,0.0,0.0,0.0,0.0,0.0,0.0,0.0,0.0,
FRN098I,0.0,0.0,0.0,0.0,0.0,0.0,0.0,0.0,0.0,0.0,0.0,0.0,0.0,0.0,0.0,0.0,0.0,0.0,0.0,0.0,0.0,0.0,0.0,0.0,0.0,0.0,0.0,0.0,0.0,0.0,0.0,0.0,0.0,0.0,0.0,0.0,0.0,0.0,0.0,0.0,0.0,0.0,0.0,0.0,0.0,0.0,0.0,0.0,0.0,0.0,0.0,0.0,0.0,0.0,0.0,0.0,0.0,0.0,0.0,0.0,0.0,0.0,0.0,0.0,0.0,0.0,0.0,0.0,0.0,0.0,0.0,0.0,0.0,0.0,0.0,0.0,0.0,0.0,0.0,0.0,0.0,0.0,0.0,0.0,0.0,0.0,0.0,0.0,0.0,0.0,0.0,0.0,0.0,0.0,0.0,0.0,0.0,0.0,0.0,0.0,0.0,0.0,0.0,0.0,0.0,0.0,0.0,0.0,0.0,0.0,0.0,0.0,0.0,0.0,
FRN098J,0.0,0.0,0.0,0.0,0.0,0.0,0.0,0.0,0.0,0.0,0.0,0.0,0.0,0.0,0.0,0.0,0.0,0.0,0.0,0.0,0.0,0.0,0.0,0.0,0.0,0.0,0.0,0.0,0.0,0.0,0.0,0.0,0.0,0.0,0.0,0.0,0.0,0.0,0.0,0.0,0.0,0.0,0.0,0.0,0.0,0.0,0.0,0.0,0.0,0.0,0.0,0.0,0.0,0.0,0.0,0.0,0.0,0.0,0.0,0.0,0.0,0.0,0.0,0.0,0.0,0.0,0.0,0.0,0.0,0.0,0.0,0.0,0.0,0.0,0.0,0.0,0.0,0.0,0.0,0.0,0.0,0.0,0.0,0.0,0.0,0.0,0.0,0.0,0.0,0.0,0.0,0.0,0.0,0.0,0.0,0.0,0.0,0.0,0.0,0.0,0.0,0.0,0.0,0.0,0.0,0.0,0.0,0.0,0.0,0.0,0.0,0.0,0.0,0.0,
FRN099A,0.0,0.0,0.0,0.0,0.0,0.0,0.0,0.0,0.0,0.0,0.0,0.0,0.0,0.0,0.0,0.0,0.0,0.0,0.0,0.0,0.0,0.0,0.0,0.0,0.0,0.0,0.0,0.0,0.0,0.0,0.0,0.0,0.0,0.0,0.0,0.0,0.0,0.0,0.0,0.0,0.0,0.0,0.0,0.0,0.0,0.0,0.0,0.0,0.0,0.0,0.0,0.0,0.0,0.0,0.0,0.0,0.0,0.0,0.0,0.0,0.0,0.0,0.0,0.0,0.0,0.0,0.0,0.0,0.0,0.0,0.0,0.0,0.0,0.0,0.0,0.0,0.0,0.0,0.0,0.0,0.0,0.0,0.0,0.0,0.0,0.0,0.0,0.0,0.0,0.0,0.0,0.0,0.0,0.0,0.0,0.0,0.0,0.0,0.0,0.0,0.0,0.0,0.0,0.0,0.0,0.0,0.0,0.0,0.0,0.0,0.0,0.0,0.0,0.0,
FRN099B,0.0,0.0,0.0,0.0,0.0,0.0,0.0,0.0,0.0,0.0,0.0,0.0,0.0,0.0,0.0,0.0,0.0,0.0,0.0,0.0,0.0,0.0,0.0,0.0,0.0,0.0,0.0,0.0,0.0,0.0,0.0,0.0,0.0,0.0,0.0,0.0,0.0,0.0,0.0,0.0,0.0,0.0,0.0,0.0,0.0,0.0,0.0,0.0,0.0,0.0,0.0,0.0,0.0,0.0,0.0,0.0,0.0,0.0,0.0,0.0,0.0,0.0,0.0,0.0,0.0,0.0,0.0,0.0,0.0,0.0,0.0,0.0,0.0,0.0,0.0,0.0,0.0,0.0,0.0,0.0,0.0,0.0,0.0,0.0,0.0,0.0,0.0,0.0,0.0,0.0,0.0,0.0,0.0,0.0,0.0,0.0,0.0,0.0,0.0,0.0,0.0,0.0,0.0,0.0,0.0,0.0,0.0,0.0,0.0,0.0,0.0,0.0,0.0,0.0,
FRN099C,0.0,0.0,0.0,0.0,0.0,0.0,0.0,0.0,0.0,0.0,0.0,0.0,0.0,0.0,0.0,0.0,0.0,0.0,0.0,0.0,0.0,0.0,0.0,0.0,0.0,0.0,0.0,0.0,0.0,0.0,0.0,0.0,0.0,0.0,0.0,0.0,0.0,0.0,0.0,0.0,0.0,0.0,0.0,0.0,0.0,0.0,0.0,0.0,0.0,0.0,0.0,0.0,0.0,0.0,0.0,0.0,0.0,0.0,0.0,0.0,0.0,0.0,0.0,0.0,0.0,0.0,0.0,0.0,0.0,0.0,0.0,0.0,0.0,0.0,0.0,0.0,0.0,0.0,0.0,0.0,0.0,0.0,0.0,0.0,0.0,0.0,0.0,0.0,0.0,0.0,0.0,0.0,0.0,0.0,0.0,0.0,0.0,0.0,0.0,0.0,0.0,0.0,0.0,0.0,0.0,0.0,0.0,0.0,0.0,0.0,0.0,0.0,0.0,0.0,
FRN099D,0.0,0.0,0.0,0.0,0.0,0.0,0.0,0.0,0.0,0.0,0.0,0.0,0.0,0.0,0.0,0.0,0.0,0.0,0.0,0.0,0.0,0.0,0.0,0.0,0.0,0.0,0.0,0.0,0.0,0.0,0.0,0.0,0.0,0.0,0.0,0.0,0.0,0.0,0.0,0.0,0.0,0.0,0.0,0.0,0.0,0.0,0.0,0.0,0.0,0.0,0.0,0.0,0.0,0.0,0.0,0.0,0.0,0.0,0.0,0.0,0.0,0.0,0.0,0.0,0.0,0.0,0.0,0.0,0.0,0.0,0.0,0.0,0.0,0.0,0.0,0.0,0.0,0.0,0.0,0.0,0.0,0.0,0.0,0.0,0.0,0.0,0.0,0.0,0.0,0.0,0.0,0.0,0.0,0.0,0.0,0.0,0.0,0.0,0.0,0.0,0.0,0.0,0.0,0.0,0.0,0.0,0.0,0.0,0.0,0.0,0.0,0.0,0.0,0.0,
FRN099E,0.0,0.0,0.0,0.0,0.0,0.0,0.0,0.0,0.0,0.0,0.0,0.0,0.0,0.0,0.0,0.0,0.0,0.0,0.0,0.0,0.0,0.0,0.0,0.0,0.0,0.0,0.0,0.0,0.0,0.0,0.0,0.0,0.0,0.0,0.0,0.0,0.0,0.0,0.0,0.0,0.0,0.0,0.0,0.0,0.0,0.0,0.0,0.0,0.0,0.0,0.0,0.0,0.0,0.0,0.0,0.0,0.0,0.0,0.0,0.0,0.0,0.0,0.0,0.0,0.0,0.0,0.0,0.0,0.0,0.0,0.0,0.0,0.0,0.0,0.0,0.0,0.0,0.0,0.0,0.0,0.0,0.0,0.0,0.0,0.0,0.0,0.0,0.0,0.0,0.0,0.0,0.0,0.0,0.0,0.0,0.0,0.0,0.0,0.0,0.0,0.0,0.0,0.0,0.0,0.0,0.0,0.0,0.0,0.0,0.0,0.0,0.0,0.0,0.0,
FRN099F,0.0,0.0,0.0,0.0,0.0,0.0,0.0,0.0,0.0,0.0,0.0,0.0,0.0,0.0,0.0,0.0,0.0,0.0,0.0,0.0,0.0,0.0,0.0,0.0,0.0,0.0,0.0,0.0,0.0,0.0,0.0,0.0,0.0,0.0,0.0,0.0,0.0,0.0,0.0,0.0,0.0,0.0,0.0,0.0,0.0,0.0,0.0,0.0,0.0,0.0,0.0,0.0,0.0,0.0,0.0,0.0,0.0,0.0,0.0,0.0,0.0,0.0,0.0,0.0,0.0,0.0,0.0,0.0,0.0,0.0,0.0,0.0,0.0,0.0,0.0,0.0,0.0,0.0,0.0,0.0,0.0,0.0,0.0,0.0,0.0,0.0,0.0,0.0,0.0,0.0,0.0,0.0,0.0,0.0,0.0,0.0,0.0,0.0,0.0,0.0,0.0,0.0,0.0,0.0,0.0,0.0,0.0,0.0,0.0,0.0,0.0,0.0,0.0,0.0,
FRN099G,0.0,0.0,0.0,0.0,0.0,0.0,0.0,0.0,0.0,0.0,0.0,0.0,0.0,0.0,0.0,0.0,0.0,0.0,0.0,0.0,0.0,0.0,0.0,0.0,0.0,0.0,0.0,0.0,0.0,0.0,0.0,0.0,0.0,0.0,0.0,0.0,0.0,0.0,0.0,0.0,0.0,0.0,0.0,0.0,0.0,0.0,0.0,0.0,0.0,0.0,0.0,0.0,0.0,0.0,0.0,0.0,0.0,0.0,0.0,0.0,0.0,0.0,0.0,0.0,0.0,0.0,0.0,0.0,0.0,0.0,0.0,0.0,0.0,0.0,0.0,0.0,0.0,0.0,0.0,0.0,0.0,0.0,0.0,0.0,0.0,0.0,0.0,0.0,0.0,0.0,0.0,0.0,0.0,0.0,0.0,0.0,0.0,0.0,0.0,0.0,0.0,0.0,0.0,0.0,0.0,0.0,0.0,0.0,0.0,0.0,0.0,0.0,0.0,0.0,
FRN100A,0.0,0.0,3.815618042349759e-05,0.0013851320710190033,0.0,0.0,2.6390900583939366e-05,1.7119250439388293e-05,6.647494059638253e-07,2.442466489049804e-07,5.9806308716686705e-05,0.0,0.0,0.0,0.0,0.0,0.0,0.0,0.0,0.0,0.0,0.0,0.0,0.0,0.0,0.0,0.0,0.0,0.0,0.0,0.0,0.0,0.0,0.0,0.0,0.0,0.0,0.0,0.0,0.00042748397277211155,0.0,0.0,0.0,0.0,0.0,0.0,0.0,0.0,0.0,0.0003522565541333276,1.5625176226467307e-07,0.0,0.0,0.0,0.0,0.0,0.0,0.0,0.0,9.994782029464713e-07,0.0,0.0,0.0,0.0,0.0,0.0,0.0,0.0,0.0,0.0,0.0,0.0,0.0,0.0,0.0,0.0,0.0,0.0,0.0,0.0,0.0,0.0,0.0,0.0,0.0,0.0,0.0,0.0,0.0,0.0,0.0,0.0,0.0,0.0,0.0,0.0,0.0,0.0,0.0,0.0,0.0,0.0,0.0,0.0,0.0,0.0,0.0,0.0,0.0,0.0,0.0,0.0,0.0,0.0,
FRN100B,0.0,0.0,7.763740983960183e-05,0.0013611915957318758,0.0,0.0,3.024410925773117e-05,6.204339582452115e-05,0.0,0.0,0.00028502147596025807,0.0,0.0,0.0,0.0,0.0,0.0,0.0,0.0,0.0,0.0,0.0,0.0,0.0,0.0,0.0,0.0,0.0,0.0,0.0,0.0,0.0,0.0,0.0,0.0,0.0,0.0,0.0,0.0,0.0001276831561178085,0.0,0.0,0.0,0.0,0.0,0.0,0.0,0.0,0.0,0.00046636879459027996,3.4010690532785494e-07,0.0,0.0,0.0,0.0,0.0,0.0,0.0,0.0,3.921606972349767e-06,0.0,0.0,0.0,0.0,0.0,0.0,0.0,0.0,0.0,0.0,0.0,0.0,0.0,0.0,0.0,0.0,0.0,0.0,0.0,0.0,0.0,0.0,0.0,0.0,0.0,0.0,0.0,0.0,0.0,0.0,0.0,0.0,0.0,0.0,0.0,0.0,0.0,0.0,0.0,0.0,0.0,0.0,0.0,0.0,0.0,0.0,0.0,0.0,0.0,0.0,0.0,0.0,0.0,0.0,
FRN100C,0.0,0.0,2.8862405013914417e-05,0.0024262234136009,7.122717594329511e-06,0.0,9.377593095082226e-06,0.00015171166046825012,0.0,0.0,0.0,0.0,3.709696976120297e-07,0.0,0.0,0.0,0.0,0.0,0.0,0.0,0.0,0.0,0.0,0.0,0.0,0.0,0.0,0.0,0.0,0.0,0.0,0.0,0.0,0.0,0.0,0.0,0.0,0.0,0.0,9.883675393006165e-05,0.0,0.0,0.0,0.0,0.0,0.0,0.0,0.0,0.0,8.176449128359048e-05,4.1986987837108746e-07,0.0,0.0,0.0,0.0,0.0,0.0,0.0,2.5106247433904545e-06,0.0,0.0,0.0,0.0,0.0,0.0,0.0,0.0,0.0,0.0,0.0,0.0,0.0,0.0,0.0,0.0,0.0,0.0,0.0,0.0,0.0,0.0,0.0,0.0,0.0,0.0,0.0,0.0,0.0,0.0,0.0,0.0,0.0,0.0,0.0,0.0,0.0,0.0,0.0,0.0,0.0,0.0,0.0,0.0,0.0,0.0,0.0,0.0,0.0,0.0,0.0,0.0,0.0,0.0,0.0,
FRN103,0.0,0.0,9.5722334974483e-05,0.0009658632846707384,0.0,0.0,2.433709120485968e-05,0.00011000662675794146,0.0004065519952589709,0.0,0.0001048547105556142,0.0,0.0,0.0,0.0,0.00030787425345161915,1.7748980897442874e-05,0.0,0.0,0.0,0.0011750280892766488,0.0,0.0,0.0,0.0001870323059078053,0.0,0.0,0.0,0.0,0.0,0.0,0.0,0.0,0.0,0.0,0.0,0.0,0.0,0.0,0.0001725295106293992,0.0,0.0,0.0,0.0,0.0,0.0,0.0,0.0,0.0,0.00019234428387905438,0.0,0.0,0.0,0.0,0.0,0.0,0.0,0.0,0.0,0.0,0.0,0.0,0.0,0.0,0.0,0.0,0.0,0.0,0.0,0.0,0.0,0.0,0.0,0.0,0.0,0.0,0.0,0.0,0.0,0.0,0.0,0.0,0.0,0.0,0.0,0.0,0.0,0.0,0.0,0.0,0.0,0.0,0.0,0.0,0.0,0.0,0.0,0.0,0.0,0.0,0.0,0.0,0.0,0.0,0.0,0.0,0.0,0.0,0.0,0.0,0.0,0.0,0.0,0.0,
FRN104A,0.00048498123601963965,0.0,0.0,0.0009759066061113205,0.0,0.0,2.5802098355428127e-06,0.00014018279977147708,0.0012308769734141584,7.20695233966143e-07,0.0008302120561384978,0.0,2.241807059371164e-06,0.0,9.990958128218449e-07,0.00026738794758486117,0.0,0.0011480398250160648,0.0,0.0,0.0012396945121622305,0.0,0.0,0.0,0.0,0.0,0.0,0.0,0.0,0.0,0.0,0.0,7.194671966087053e-05,1.9747285845990726e-05,0.0,0.0,0.0,0.0,0.0,4.199731815993219e-05,0.0,0.0,0.0,0.0,0.0,0.0,0.0,0.0,0.0,0.0002744055438192693,0.0,0.0,0.0,0.0,0.0,0.0,0.0,0.0,4.4773421002086006e-07,9.567217390747437e-07,1.9049984479214034e-06,0.0,0.0,0.0,0.0,0.0,0.0,0.0,0.0,0.0,0.0,0.0,0.0,0.0,0.0,0.0,0.0,0.0,0.0,0.0,0.0,0.0,0.0,0.0,0.0,0.0,0.0,0.0,0.0,0.0,0.0,0.0,0.0,0.0,0.0,0.0,0.0,0.0,0.0,0.0,0.0,0.0,0.0,0.0,0.0,0.0,0.0,0.0,0.0,0.0,0.0,0.0,0.0,0.0,
FRN104B,0.0006869253185360007,0.0,0.0,0.0007205962312228711,0.0,0.0,2.1684210526315782e-06,0.0,0.0,0.0,0.0,0.0,0.0,0.0,0.0,0.0,0.0,0.0,0.0,0.0,0.0,0.0,0.0,0.0,0.0,0.0,0.0,0.0,0.0,0.0,0.0,0.0,0.0,0.0,0.0,0.0,0.0,0.0,0.0,0.0,0.0,0.0,0.0,0.0,0.0,0.0,0.0,0.0,0.0,0.0,0.0,0.0,0.0,0.0,0.0,0.0,0.0,0.0,0.0,0.0,0.0,0.0,0.0,0.0,0.0,0.0,0.0,0.0,0.0,0.0,0.0,0.0,0.0,0.0,0.0,0.0,0.0,0.0,0.0,0.0,0.0,0.0,0.0,0.0,0.0,0.0,0.0,0.0,0.0,0.0,0.0,0.0,0.0,0.0,0.0,0.0,0.0,0.0,0.0,0.0,0.0,0.0,0.0,0.0,0.0,0.0,0.0,0.0,0.0,0.0,0.0,0.0,0.0,0.0,
FRN105A,0.0010270369450573614,0.0,0.0001548940942297867,0.0017392328891419051,0.0,0.0,6.355891482607602e-05,0.0001064893910290557,0.001557725020961456,0.0,0.0,0.0,0.0,0.0,0.0,0.0,0.0,0.0,0.0,0.0,0.003760940857454209,0.0,0.0,0.0,0.0,0.0,2.480748786572172e-06,0.0,0.0,1.8823529411764148e-06,0.0,0.0,0.0007980576958312737,0.0,0.0,0.0,0.0,0.0,0.0,2.921151232394986e-05,0.0,0.0,0.0,0.0,0.0,0.0,0.0,0.0,0.0,0.0003016725520820264,0.0,0.0,0.0,0.0,0.0,0.0,0.0,0.0,0.0,0.0,0.0,0.0,0.0,0.0,0.0,0.0,0.0,0.0,0.0,0.0,0.0,0.0,0.0,0.0,0.0,0.0,0.0,0.0,0.0,0.0,0.0,0.0,0.0,0.0,0.0,0.0,0.0,0.0,0.0,0.0,0.0,0.0,0.0,0.0,0.0,0.0,0.0,0.0,0.0,0.0,0.0,0.0,0.0,0.0,0.0,0.0,0.0,0.0,0.0,0.0,0.0,0.0,0.0,0.0,
FRN105B,0.0,0.0,0.00020043111106074151,0.00033310353761834525,0.0,0.0,0.0,0.0,0.00018353773864530435,0.0005486858439646879,0.00044000091168221395,0.0,0.0,0.0,0.0,0.0002598645888913551,0.0,0.0,0.0,0.0002107489531183718,0.0004392034417601729,0.0,0.00032180444504255725,0.0,0.0,0.0,0.0,0.0,0.0,0.0,0.0,0.0,0.0,0.00019075925945130233,0.0,0.0,0.0,0.0,0.0,0.00011838789765624548,0.0,0.0,0.0,0.0,0.0,0.0,0.0,0.0,0.0,0.00010946768298801047,0.0,0.0,0.0,0.0,0.0,0.0,0.0,0.0,0.0,0.0,0.0,0.0,0.0,0.0,0.0,0.0,0.0,0.0,0.0,0.0,0.0,0.0,0.0,0.0,0.0,0.0,0.0,0.0,0.0,0.0,0.0,0.0,0.0,0.0,0.0,0.0,0.0,0.0,0.0,0.0,0.0,0.0,0.0,0.0,0.0,0.0,0.0,0.0,0.0,0.0,0.0,0.0,0.0,0.0,0.0,0.0,0.0,0.0,0.0,0.0,0.0,0.0,0.0,0.0,
FRN106A,0.0023374434908222433,0.0,0.0,0.001516599362135222,3.2808066732234364e-05,0.0,4.4770102029154344e-05,2.494043384982335e-05,0.0002793820922609425,2.199660532630835e-05,1.2455159242861468e-05,0.0,0.00017616588123809694,0.0,7.739815902802945e-05,7.676725205712845e-06,5.552864145071281e-05,0.0,0.0,0.0,0.000118082492763107,0.0,0.0,1.866825021916884e-06,4.8178051137098494e-05,0.0,0.0,6.62491514978921e-07,0.0,2.614446078628902e-07,0.0,0.0,0.0,6.597706351770631e-05,0.0,0.0,0.0,0.0,0.0,2.7445292144231298e-05,0.0,1.8225176757371336e-05,0.0,0.0,0.0,0.0,0.0,0.0,0.0,9.99464490866206e-07,0.0,3.63157894736842e-07,0.0,0.0,1.7274232836447812e-06,0.0,0.0,0.0,5.418162163252471e-07,0.0,3.996748763131777e-06,0.0,0.0,0.0,6.665576943503208e-07,0.0,0.0,0.0,0.0,0.0,0.0,0.0,0.0,0.0,0.0,0.0,0.0,0.0,0.0,0.0,0.0,0.0,0.0,0.0,0.0,0.0,0.0,0.0,0.0,0.0,0.0,0.0,0.0,0.0,0.0,0.0,0.0,0.0,0.0,0.0,0.0,0.0,0.0,0.0,0.0,0.0,0.0,0.0,0.0,0.0,0.0,0.0,0.0,0.0,
FRN106B,0.0014081599057853673,0.0,0.0,0.0025429901291767524,3.345873536999092e-05,0.0,1.3959152109893359e-05,0.00013025100756801922,0.0012393560220980832,2.476856343012304e-06,0.0003161155879362988,0.0,0.00039013974634564686,0.0,0.0001121888038091748,1.0232174890559945e-05,0.00022620342868893533,0.0,0.0,0.0,2.126730050533548e-07,0.0,0.0,0.0,0.00021950192300973517,0.0,1.6866765015347246e-06,0.0,0.0,1.6071705051795455e-07,0.0,0.0,0.0,0.0001664177796405385,0.0,0.0,0.0,0.0,0.0,4.2451023398617395e-06,0.0,9.624656203194318e-06,0.0,0.0,0.0,0.0,0.0,0.0,0.0,1.583217041499095e-05,3.102866964826646e-05,1.1782334481536397e-06,0.0,0.0,0.0,1.8803282519265836e-06,0.0,0.0,1.565073134211117e-06,4.680735446675049e-07,3.4719945750733923e-06,0.0,0.0,0.0,0.0,0.0,0.0,0.0,0.0,0.0,0.0,0.0,0.0,0.0,0.0,0.0,0.0,0.0,0.0,0.0,0.0,0.0,0.0,0.0,0.0,0.0,0.0,0.0,0.0,0.0,0.0,0.0,0.0,0.0,0.0,0.0,0.0,0.0,0.0,0.0,0.0,0.0,0.0,0.0,0.0,0.0,0.0,0.0,0.0,0.0,0.0,0.0,0.0,0.0,
FRN106C,0.013787462609091333,0.0,0.0,0.0004437770176504359,0.0,0.0,0.0,0.0,0.00014896924573848188,8.842207013241344e-07,0.0,0.0,0.00013857816856366822,0.0,5.1614828471692905e-05,0.0,3.707169997141049e-05,0.0,0.0,0.0,9.71922469751862e-05,0.0,0.0,4.9997234371788755e-06,5.317792191348505e-05,0.0,1.605078541966573e-06,0.0,0.0,0.0,0.0,0.0,0.0,8.63742567511402e-05,0.0,0.0,0.0,0.0,0.0,1.8483333954466266e-05,0.0,7.083296602799023e-05,0.0,0.0,0.0,0.0,0.0,0.0,0.0,4.374257446991966e-05,0.0,3.102395248211492e-05,0.0,0.0,0.0,0.0,0.0,0.0,2.265171517542999e-07,0.0,2.448956495547311e-05,1.3150057396339137e-07,0.0,0.0,0.0,0.0,0.0,0.0,0.0,0.0,0.0,0.0,0.0,0.0,0.0,0.0,0.0,0.0,0.0,0.0,0.0,0.0,0.0,0.0,0.0,0.0,0.0,0.0,0.0,0.0,0.0,0.0,0.0,0.0,0.0,0.0,0.0,0.0,0.0,0.0,0.0,0.0,0.0,0.0,0.0,0.0,0.0,0.0,0.0,0.0,0.0,0.0,0.0,0.0,
FRN106D,0.0005740893631134354,0.0,0.0,0.0006283256915175709,0.0,0.0,0.00015468867721756595,3.901444987694584e-05,0.00013343261801785164,2.0930511920949294e-06,0.00022819929685026025,0.0,0.0,0.0,0.00012333121091557812,0.0,7.278420687830373e-05,0.0,0.0,0.0,0.00042926383199546345,0.0,0.0,5.687075156785609e-06,0.0002790632592681346,0.0,4.211387179738493e-06,0.0,0.0,0.0,0.0,0.0,0.0001229419199484807,8.989207366598161e-05,0.0,0.0,0.0,0.0,0.0,7.592532327554243e-05,0.0,0.000361850518977701,0.0,0.0,0.0,0.0,0.0,0.0,0.0,9.486582827577214e-05,3.6385639945768196e-05,4.706522771018515e-05,0.0,0.0,0.0,0.0,9.977714794604147e-07,0.0,2.7148525726503206e-05,0.0,5.447822195140599e-05,0.0,0.0,0.0,0.0,0.0,0.0,0.0,0.0,0.0,0.0,0.0,0.0,0.0,0.0,0.0,0.0,0.0,0.0,0.0,0.0,0.0,0.0,0.0,0.0,0.0,0.0,0.0,0.0,0.0,0.0,0.0,0.0,0.0,0.0,0.0,0.0,0.0,0.0,0.0,0.0,0.0,0.0,0.0,0.0,0.0,0.0,0.0,0.0,0.0,0.0,0.0,0.0,0.0,
FRN106E,0.0,0.0,0.0,0.0011699345029026237,0.0,0.0,0.0,0.00014708821045852032,0.00024235559381075491,7.2862522546473575e-06,0.0,0.0,0.0,0.0,0.0,5.6156417306908344e-05,0.00016786449677421797,0.0,0.0,0.0,0.0,0.0,0.0,7.003623251069042e-05,0.00036655640633821365,0.0,0.0,0.0,0.0,4.650971206370044e-07,0.0,0.0,0.0,0.0001724305119612782,0.0,0.0,0.0,0.0,0.0,0.000217996340654603,0.0,0.00033857117835987425,0.0,0.0,0.0,0.0,0.0,0.0,0.0,0.0002403132833363925,0.00010580275686242464,0.0,0.0,0.0,0.0,0.0,7.318509263821816e-07,0.0,0.0,0.0,7.040681418230764e-05,1.7407577188696263e-06,0.0,0.0,9.9530864472095e-06,0.0,0.0,0.0,0.0,0.0,0.0,0.0,0.0,0.0,0.0,0.0,0.0,0.0,0.0,0.0,0.0,0.0,0.0,0.0,0.0,0.0,0.0,0.0,0.0,0.0,0.0,0.0,0.0,0.0,0.0,0.0,0.0,0.0,0.0,0.0,0.0,0.0,0.0,0.0,0.0,0.0,0.0,0.0,0.0,0.0,0.0,0.0,0.0,0.0,
FRN107A,0.0,0.0,0.0,0.0,0.0,0.0,0.0,0.0,0.0,0.0,0.0,0.0,0.0,0.0,0.0,0.0,0.0,0.0,0.0,0.0,0.0,0.0,0.0,0.0,0.0,0.0,0.0,0.0,0.0,0.0,0.0,0.0,0.0,0.0,0.0,0.0,0.0,0.0,0.0,0.0,0.0,0.0,0.0,0.0,0.0,0.0,0.0,0.0,0.0,0.0,0.0,0.0,0.0,0.0,0.0,0.0,0.0,0.0,0.0,0.0,0.0,0.0,0.0,0.0,0.0,0.0,0.0,0.0,0.0,0.0,0.0,0.0,0.0,0.0,0.0,0.0,0.0,0.0,0.0,0.0,0.0,0.0,0.0,0.0,0.0,0.0,0.0,0.0,0.0,0.0,0.0,0.0,0.0,0.0,0.0,0.0,0.0,0.0,0.0,0.0,0.0,0.0,0.0,0.0,0.0,0.0,0.0,0.0,0.0,0.0,0.0,0.0,0.0,0.0,
FRN107B,0.0,0.0,0.0,0.0,0.0,0.0,0.0,0.0,0.0,0.0,0.0,0.0,0.0,0.0,0.0,0.0,0.0,0.0,0.0,0.0,0.0,0.0,0.0,0.0,0.0,0.0,0.0,0.0,0.0,0.0,0.0,0.0,0.0,0.0,0.0,0.0,0.0,0.0,0.0,0.0,0.0,0.0,0.0,0.0,0.0,0.0,0.0,0.0,0.0,0.0,0.0,0.0,0.0,0.0,0.0,0.0,0.0,0.0,0.0,0.0,0.0,0.0,0.0,0.0,0.0,0.0,0.0,0.0,0.0,0.0,0.0,0.0,0.0,0.0,0.0,0.0,0.0,0.0,0.0,0.0,0.0,0.0,0.0,0.0,0.0,0.0,0.0,0.0,0.0,0.0,0.0,0.0,0.0,0.0,0.0,0.0,0.0,0.0,0.0,0.0,0.0,0.0,0.0,0.0,0.0,0.0,0.0,0.0,0.0,0.0,0.0,0.0,0.0,0.0,
FRN107C,0.0,0.0,0.0,0.0,0.0,0.0,0.0,0.0,0.0,0.0,0.0,0.0,0.0,0.0,0.0,0.0,0.0,0.0,0.0,0.0,0.0,0.0,0.0,0.0,0.0,0.0,0.0,0.0,0.0,0.0,0.0,0.0,0.0,0.0,0.0,0.0,0.0,0.0,0.0,0.0,0.0,0.0,0.0,0.0,0.0,0.0,0.0,0.0,0.0,0.0,0.0,0.0,0.0,0.0,0.0,0.0,0.0,0.0,0.0,0.0,0.0,0.0,0.0,0.0,0.0,0.0,0.0,0.0,0.0,0.0,0.0,0.0,0.0,0.0,0.0,0.0,0.0,0.0,0.0,0.0,0.0,0.0,0.0,0.0,0.0,0.0,0.0,0.0,0.0,0.0,0.0,0.0,0.0,0.0,0.0,0.0,0.0,0.0,0.0,0.0,0.0,0.0,0.0,0.0,0.0,0.0,0.0,0.0,0.0,0.0,0.0,0.0,0.0,0.0,
FRN107D,0.0,0.0,0.0,0.0,0.0,0.0,0.0,0.0,0.0,0.0,0.0,0.0,0.0,0.0,0.0,0.0,0.0,0.0,0.0,0.0,0.0,0.0,0.0,0.0,0.0,0.0,0.0,0.0,0.0,0.0,0.0,0.0,0.0,0.0,0.0,0.0,0.0,0.0,0.0,0.0,0.0,0.0,0.0,0.0,0.0,0.0,0.0,0.0,0.0,0.0,0.0,0.0,0.0,0.0,0.0,0.0,0.0,0.0,0.0,0.0,0.0,0.0,0.0,0.0,0.0,0.0,0.0,0.0,0.0,0.0,0.0,0.0,0.0,0.0,0.0,0.0,0.0,0.0,0.0,0.0,0.0,0.0,0.0,0.0,0.0,0.0,0.0,0.0,0.0,0.0,0.0,0.0,0.0,0.0,0.0,0.0,0.0,0.0,0.0,0.0,0.0,0.0,0.0,0.0,0.0,0.0,0.0,0.0,0.0,0.0,0.0,0.0,0.0,0.0,
