# time, signal
8.330000000000000598e-03,-4.000000000000000000e+00
1.667000000000000079e-02,2.000000000000000000e+00
2.500000000000000139e-02,5.000000000000000000e+00
3.332999999999999852e-02,2.000000000000000000e+00
4.166999999999999871e-02,4.000000000000000000e+00
5.000000000000000278e-02,6.000000000000000000e+00
5.832999999999999990e-02,5.000000000000000000e+00
6.666999999999999316e-02,5.000000000000000000e+00
7.499999999999999722e-02,6.000000000000000000e+00
8.333000000000000129e-02,8.000000000000000000e+00
9.167000000000000148e-02,1.300000000000000000e+01
1.000000000000000056e-01,1.700000000000000000e+01
1.083299999999999957e-01,1.800000000000000000e+01
1.166699999999999959e-01,1.600000000000000000e+01
1.250000000000000000e-01,1.400000000000000000e+01
1.333300000000000041e-01,1.100000000000000000e+01
1.416699999999999904e-01,1.100000000000000000e+01
1.499999999999999944e-01,1.400000000000000000e+01
1.583299999999999985e-01,2.000000000000000000e+01
1.666700000000000126e-01,2.700000000000000000e+01
1.749999999999999889e-01,3.500000000000000000e+01
1.833299999999999930e-01,4.200000000000000000e+01
1.916700000000000070e-01,4.900000000000000000e+01
2.000000000000000111e-01,5.600000000000000000e+01
2.083299999999999874e-01,6.400000000000000000e+01
2.166700000000000015e-01,7.300000000000000000e+01
2.250000000000000056e-01,8.200000000000000000e+01
2.333300000000000096e-01,9.000000000000000000e+01
2.416699999999999959e-01,9.900000000000000000e+01
2.500000000000000000e-01,1.110000000000000000e+02
2.583300000000000041e-01,1.240000000000000000e+02
2.666700000000000181e-01,1.420000000000000000e+02
2.750000000000000222e-01,1.630000000000000000e+02
2.833300000000000263e-01,1.860000000000000000e+02
2.916699999999999848e-01,2.110000000000000000e+02
2.999999999999999889e-01,2.390000000000000000e+02
3.083299999999999930e-01,2.710000000000000000e+02
3.166700000000000070e-01,3.060000000000000000e+02
3.250000000000000111e-01,3.420000000000000000e+02
3.333300000000000152e-01,3.790000000000000000e+02
3.416699999999999737e-01,4.160000000000000000e+02
3.499999999999999778e-01,4.540000000000000000e+02
3.583299999999999819e-01,4.930000000000000000e+02
3.666699999999999959e-01,5.340000000000000000e+02
3.750000000000000000e-01,5.790000000000000000e+02
3.833300000000000041e-01,6.230000000000000000e+02
3.916700000000000181e-01,6.690000000000000000e+02
4.000000000000000222e-01,7.130000000000000000e+02
4.083300000000000263e-01,7.570000000000000000e+02
4.166699999999999848e-01,8.000000000000000000e+02
4.249999999999999889e-01,8.420000000000000000e+02
4.333299999999999930e-01,8.830000000000000000e+02
4.416700000000000070e-01,9.200000000000000000e+02
4.500000000000000111e-01,9.540000000000000000e+02
4.583300000000000152e-01,9.830000000000000000e+02
4.666699999999999737e-01,1.007000000000000000e+03
4.749999999999999778e-01,1.027000000000000000e+03
4.833299999999999819e-01,1.041000000000000000e+03
4.916699999999999959e-01,1.052000000000000000e+03
5.000000000000000000e-01,1.057000000000000000e+03
5.083299999999999486e-01,1.056000000000000000e+03
5.166699999999999626e-01,1.048000000000000000e+03
5.250000000000000222e-01,1.032000000000000000e+03
5.333299999999999708e-01,1.010000000000000000e+03
5.416699999999999848e-01,9.830000000000000000e+02
5.500000000000000444e-01,9.510000000000000000e+02
5.583299999999999930e-01,9.170000000000000000e+02
5.666700000000000070e-01,8.820000000000000000e+02
5.749999999999999556e-01,8.440000000000000000e+02
5.833300000000000152e-01,8.050000000000000000e+02
5.916700000000000292e-01,7.630000000000000000e+02
5.999999999999999778e-01,7.210000000000000000e+02
6.083300000000000374e-01,6.770000000000000000e+02
6.166700000000000514e-01,6.320000000000000000e+02
6.250000000000000000e-01,5.880000000000000000e+02
6.333299999999999486e-01,5.430000000000000000e+02
6.416699999999999626e-01,4.990000000000000000e+02
6.500000000000000222e-01,4.550000000000000000e+02
6.583299999999999708e-01,4.130000000000000000e+02
6.666699999999999848e-01,3.750000000000000000e+02
6.750000000000000444e-01,3.400000000000000000e+02
6.833299999999999930e-01,3.090000000000000000e+02
6.916700000000000070e-01,2.810000000000000000e+02
6.999999999999999556e-01,2.550000000000000000e+02
7.083300000000000152e-01,2.300000000000000000e+02
7.166700000000000292e-01,2.050000000000000000e+02
7.249999999999999778e-01,1.820000000000000000e+02
7.333300000000000374e-01,1.610000000000000000e+02
7.416700000000000514e-01,1.400000000000000000e+02
7.500000000000000000e-01,1.200000000000000000e+02
7.583299999999999486e-01,1.010000000000000000e+02
7.666699999999999626e-01,8.100000000000000000e+01
7.750000000000000222e-01,6.200000000000000000e+01
7.833299999999999708e-01,4.600000000000000000e+01
7.916699999999999848e-01,3.400000000000000000e+01
8.000000000000000444e-01,2.600000000000000000e+01
8.083299999999999930e-01,2.100000000000000000e+01
8.166700000000000070e-01,2.000000000000000000e+01
8.249999999999999556e-01,1.900000000000000000e+01
8.333300000000000152e-01,1.900000000000000000e+01
8.416700000000000292e-01,1.900000000000000000e+01
8.499999999999999778e-01,1.800000000000000000e+01
8.583300000000000374e-01,1.500000000000000000e+01
8.666700000000000514e-01,1.000000000000000000e+01
8.750000000000000000e-01,4.000000000000000000e+00
8.833299999999999486e-01,-1.000000000000000000e+00
8.916699999999999626e-01,-4.000000000000000000e+00
9.000000000000000222e-01,-4.000000000000000000e+00
9.083299999999999708e-01,-4.000000000000000000e+00
9.166699999999999848e-01,-2.000000000000000000e+00
9.250000000000000444e-01,-0.000000000000000000e+00
9.333299999999999930e-01,1.000000000000000000e+00
9.416700000000000070e-01,2.000000000000000000e+00
9.499999999999999556e-01,2.000000000000000000e+00
9.583300000000000152e-01,1.000000000000000000e+00
9.666700000000000292e-01,-2.000000000000000000e+00
9.749999999999999778e-01,-4.000000000000000000e+00
9.833300000000000374e-01,-5.000000000000000000e+00
9.916700000000000514e-01,-4.000000000000000000e+00
1.000000000000000000e+00,-1.000000000000000000e+00
1.008329999999999949e+00,2.000000000000000000e+00
1.016669999999999963e+00,5.000000000000000000e+00
1.024999999999999911e+00,5.000000000000000000e+00
1.033330000000000082e+00,4.000000000000000000e+00
1.041670000000000096e+00,1.000000000000000000e+00
1.050000000000000044e+00,-1.000000000000000000e+00
1.058329999999999993e+00,-3.000000000000000000e+00
1.066670000000000007e+00,-4.000000000000000000e+00
1.074999999999999956e+00,-4.000000000000000000e+00
1.083329999999999904e+00,-3.000000000000000000e+00
1.091669999999999918e+00,-2.000000000000000000e+00
1.100000000000000089e+00,-1.000000000000000000e+00
1.108330000000000037e+00,-0.000000000000000000e+00
1.116670000000000051e+00,-0.000000000000000000e+00
1.125000000000000000e+00,-1.000000000000000000e+00
1.133329999999999949e+00,-2.000000000000000000e+00
1.141669999999999963e+00,-2.000000000000000000e+00
1.149999999999999911e+00,-0.000000000000000000e+00
1.158330000000000082e+00,4.000000000000000000e+00
1.166670000000000096e+00,8.000000000000000000e+00
1.175000000000000044e+00,1.300000000000000000e+01
1.183329999999999993e+00,1.600000000000000000e+01
1.191670000000000007e+00,1.600000000000000000e+01
1.199999999999999956e+00,1.500000000000000000e+01
1.208329999999999904e+00,1.400000000000000000e+01
1.216669999999999918e+00,1.300000000000000000e+01
1.225000000000000089e+00,1.100000000000000000e+01
1.233330000000000037e+00,9.000000000000000000e+00
1.241670000000000051e+00,7.000000000000000000e+00
1.250000000000000000e+00,4.000000000000000000e+00
1.258329999999999949e+00,1.000000000000000000e+00
1.266669999999999963e+00,-0.000000000000000000e+00
1.274999999999999911e+00,1.000000000000000000e+00
1.283330000000000082e+00,5.000000000000000000e+00
1.291670000000000096e+00,9.000000000000000000e+00
1.300000000000000044e+00,1.300000000000000000e+01
1.308329999999999993e+00,1.300000000000000000e+01
1.316670000000000007e+00,1.100000000000000000e+01
1.324999999999999956e+00,7.000000000000000000e+00
1.333329999999999904e+00,3.000000000000000000e+00
1.341669999999999918e+00,1.000000000000000000e+00
1.350000000000000089e+00,0.000000000000000000e+00
1.358330000000000037e+00,0.000000000000000000e+00
1.366670000000000051e+00,-0.000000000000000000e+00
1.375000000000000000e+00,-3.000000000000000000e+00
1.383329999999999949e+00,-6.000000000000000000e+00
1.391669999999999963e+00,-8.000000000000000000e+00
1.399999999999999911e+00,-1.000000000000000000e+01
1.408330000000000082e+00,-9.000000000000000000e+00
1.416670000000000096e+00,-7.000000000000000000e+00
1.425000000000000044e+00,-5.000000000000000000e+00
1.433329999999999993e+00,-6.000000000000000000e+00
1.441670000000000007e+00,-8.000000000000000000e+00
1.449999999999999956e+00,-1.200000000000000000e+01
1.458329999999999904e+00,-1.400000000000000000e+01
1.466669999999999918e+00,-1.200000000000000000e+01
1.475000000000000089e+00,-6.000000000000000000e+00
1.483330000000000037e+00,1.000000000000000000e+00
1.491670000000000051e+00,8.000000000000000000e+00
1.500000000000000000e+00,1.300000000000000000e+01
1.508329999999999949e+00,1.600000000000000000e+01
1.516669999999999963e+00,1.800000000000000000e+01
1.524999999999999911e+00,1.900000000000000000e+01
1.533330000000000082e+00,2.000000000000000000e+01
1.541670000000000096e+00,2.100000000000000000e+01
1.550000000000000044e+00,2.200000000000000000e+01
1.558329999999999993e+00,2.500000000000000000e+01
1.566670000000000007e+00,2.900000000000000000e+01
1.574999999999999956e+00,3.400000000000000000e+01
1.583329999999999904e+00,4.200000000000000000e+01
1.591669999999999918e+00,5.200000000000000000e+01
1.600000000000000089e+00,6.600000000000000000e+01
1.608330000000000037e+00,8.600000000000000000e+01
1.616670000000000051e+00,1.120000000000000000e+02
1.625000000000000000e+00,1.420000000000000000e+02
1.633329999999999949e+00,1.780000000000000000e+02
1.641669999999999963e+00,2.170000000000000000e+02
1.649999999999999911e+00,2.610000000000000000e+02
1.658330000000000082e+00,3.100000000000000000e+02
1.666670000000000096e+00,3.670000000000000000e+02
1.675000000000000044e+00,4.360000000000000000e+02
1.683329999999999993e+00,5.160000000000000000e+02
1.691670000000000007e+00,6.110000000000000000e+02
1.699999999999999956e+00,7.190000000000000000e+02
1.708329999999999904e+00,8.430000000000000000e+02
1.716669999999999918e+00,9.850000000000000000e+02
1.725000000000000089e+00,1.145000000000000000e+03
1.733330000000000037e+00,1.333000000000000000e+03
1.741670000000000051e+00,1.539000000000000000e+03
1.750000000000000000e+00,1.773000000000000000e+03
1.758329999999999949e+00,2.030000000000000000e+03
1.766669999999999963e+00,2.309000000000000000e+03
1.774999999999999911e+00,2.616000000000000000e+03
1.783330000000000082e+00,2.944000000000000000e+03
1.791670000000000096e+00,3.306000000000000000e+03
1.800000000000000044e+00,3.689000000000000000e+03
1.808329999999999993e+00,4.101000000000000000e+03
1.816670000000000007e+00,4.541000000000000000e+03
1.824999999999999956e+00,4.997000000000000000e+03
1.833329999999999904e+00,5.485000000000000000e+03
1.841669999999999918e+00,5.979000000000000000e+03
1.850000000000000089e+00,6.497000000000000000e+03
1.858330000000000037e+00,7.022000000000000000e+03
1.866670000000000051e+00,7.549000000000000000e+03
1.875000000000000000e+00,8.088000000000000000e+03
1.883329999999999949e+00,8.611000000000000000e+03
1.891669999999999963e+00,9.139000000000000000e+03
1.899999999999999911e+00,9.644000000000000000e+03
1.908330000000000082e+00,1.013100000000000000e+04
1.916670000000000096e+00,1.059800000000000000e+04
1.925000000000000044e+00,1.102500000000000000e+04
1.933329999999999993e+00,1.142700000000000000e+04
1.941670000000000007e+00,1.178000000000000000e+04
1.949999999999999956e+00,1.209100000000000000e+04
1.958329999999999904e+00,1.235500000000000000e+04
1.966669999999999918e+00,1.256200000000000000e+04
1.975000000000000089e+00,1.272000000000000000e+04
1.983330000000000037e+00,1.281900000000000000e+04
1.991670000000000051e+00,1.286100000000000000e+04
2.000000000000000000e+00,1.284600000000000000e+04
2.008329999999999949e+00,1.276800000000000000e+04
2.016669999999999963e+00,1.263200000000000000e+04
2.024999999999999911e+00,1.244300000000000000e+04
2.033329999999999860e+00,1.219800000000000000e+04
2.041669999999999874e+00,1.191300000000000000e+04
2.049999999999999822e+00,1.157900000000000000e+04
2.058330000000000215e+00,1.120800000000000000e+04
2.066669999999999785e+00,1.080200000000000000e+04
2.075000000000000178e+00,1.035500000000000000e+04
2.083330000000000126e+00,9.893000000000000000e+03
2.091670000000000140e+00,9.399000000000000000e+03
2.100000000000000089e+00,8.900000000000000000e+03
2.108330000000000037e+00,8.393000000000000000e+03
2.116670000000000051e+00,7.879000000000000000e+03
2.125000000000000000e+00,7.375000000000000000e+03
2.133329999999999949e+00,6.863000000000000000e+03
2.141669999999999963e+00,6.371000000000000000e+03
2.149999999999999911e+00,5.882000000000000000e+03
2.158329999999999860e+00,5.408000000000000000e+03
2.166669999999999874e+00,4.954000000000000000e+03
2.174999999999999822e+00,4.511000000000000000e+03
2.183330000000000215e+00,4.099000000000000000e+03
2.191669999999999785e+00,3.701000000000000000e+03
2.200000000000000178e+00,3.334000000000000000e+03
2.208330000000000126e+00,2.993000000000000000e+03
2.216670000000000140e+00,2.674000000000000000e+03
2.225000000000000089e+00,2.384000000000000000e+03
2.233330000000000037e+00,2.109000000000000000e+03
2.241670000000000051e+00,1.860000000000000000e+03
2.250000000000000000e+00,1.629000000000000000e+03
2.258329999999999949e+00,1.419000000000000000e+03
2.266669999999999963e+00,1.232000000000000000e+03
2.274999999999999911e+00,1.063000000000000000e+03
2.283329999999999860e+00,9.170000000000000000e+02
2.291669999999999874e+00,7.880000000000000000e+02
2.299999999999999822e+00,6.760000000000000000e+02
2.308330000000000215e+00,5.790000000000000000e+02
2.316669999999999785e+00,4.930000000000000000e+02
2.325000000000000178e+00,4.170000000000000000e+02
2.333330000000000126e+00,3.470000000000000000e+02
2.341670000000000140e+00,2.850000000000000000e+02
2.350000000000000089e+00,2.280000000000000000e+02
2.358330000000000037e+00,1.780000000000000000e+02
2.366670000000000051e+00,1.360000000000000000e+02
2.375000000000000000e+00,1.000000000000000000e+02
2.383329999999999949e+00,7.200000000000000000e+01
2.391669999999999963e+00,5.100000000000000000e+01
2.399999999999999911e+00,3.500000000000000000e+01
2.408329999999999860e+00,2.100000000000000000e+01
2.416669999999999874e+00,9.000000000000000000e+00
2.424999999999999822e+00,0.000000000000000000e+00
2.433330000000000215e+00,-8.000000000000000000e+00
2.441669999999999785e+00,-1.500000000000000000e+01
2.450000000000000178e+00,-2.200000000000000000e+01
2.458330000000000126e+00,-2.900000000000000000e+01
2.466670000000000140e+00,-3.600000000000000000e+01
2.475000000000000089e+00,-4.200000000000000000e+01
2.483330000000000037e+00,-4.600000000000000000e+01
2.491670000000000051e+00,-4.600000000000000000e+01
2.500000000000000000e+00,-4.500000000000000000e+01
2.508329999999999949e+00,-4.400000000000000000e+01
2.516669999999999963e+00,-4.200000000000000000e+01
2.524999999999999911e+00,-4.100000000000000000e+01
2.533329999999999860e+00,-4.200000000000000000e+01
2.541669999999999874e+00,-4.400000000000000000e+01
2.549999999999999822e+00,-4.600000000000000000e+01
2.558330000000000215e+00,-4.900000000000000000e+01
2.566669999999999785e+00,-5.200000000000000000e+01
2.575000000000000178e+00,-5.500000000000000000e+01
2.583330000000000126e+00,-5.600000000000000000e+01
2.591670000000000140e+00,-5.700000000000000000e+01
2.600000000000000089e+00,-5.600000000000000000e+01
2.608330000000000037e+00,-5.400000000000000000e+01
2.616670000000000051e+00,-5.300000000000000000e+01
2.625000000000000000e+00,-5.300000000000000000e+01
2.633329999999999949e+00,-5.500000000000000000e+01
2.641669999999999963e+00,-5.700000000000000000e+01
2.649999999999999911e+00,-6.100000000000000000e+01
2.658329999999999860e+00,-6.500000000000000000e+01
2.666669999999999874e+00,-6.900000000000000000e+01
2.674999999999999822e+00,-7.300000000000000000e+01
2.683330000000000215e+00,-7.500000000000000000e+01
2.691669999999999785e+00,-7.400000000000000000e+01
2.700000000000000178e+00,-7.200000000000000000e+01
2.708330000000000126e+00,-6.900000000000000000e+01
2.716670000000000140e+00,-6.500000000000000000e+01
2.725000000000000089e+00,-6.300000000000000000e+01
2.733330000000000037e+00,-6.200000000000000000e+01
2.741670000000000051e+00,-6.200000000000000000e+01
2.750000000000000000e+00,-6.200000000000000000e+01
2.758329999999999949e+00,-6.100000000000000000e+01
2.766669999999999963e+00,-6.000000000000000000e+01
2.774999999999999911e+00,-5.900000000000000000e+01
2.783329999999999860e+00,-5.900000000000000000e+01
2.791669999999999874e+00,-5.900000000000000000e+01
2.799999999999999822e+00,-5.900000000000000000e+01
2.808330000000000215e+00,-5.700000000000000000e+01
2.816669999999999785e+00,-5.300000000000000000e+01
2.825000000000000178e+00,-4.700000000000000000e+01
2.833330000000000126e+00,-4.200000000000000000e+01
2.841670000000000140e+00,-3.700000000000000000e+01
2.850000000000000089e+00,-3.500000000000000000e+01
2.858330000000000037e+00,-3.500000000000000000e+01
2.866670000000000051e+00,-3.600000000000000000e+01
2.875000000000000000e+00,-3.800000000000000000e+01
2.883329999999999949e+00,-3.800000000000000000e+01
2.891669999999999963e+00,-3.700000000000000000e+01
2.899999999999999911e+00,-3.500000000000000000e+01
2.908329999999999860e+00,-3.200000000000000000e+01
2.916669999999999874e+00,-3.100000000000000000e+01
2.924999999999999822e+00,-2.900000000000000000e+01
2.933330000000000215e+00,-2.900000000000000000e+01
2.941669999999999785e+00,-3.000000000000000000e+01
2.950000000000000178e+00,-3.100000000000000000e+01
2.958330000000000126e+00,-3.000000000000000000e+01
2.966670000000000140e+00,-2.900000000000000000e+01
2.975000000000000089e+00,-2.600000000000000000e+01
2.983330000000000037e+00,-2.100000000000000000e+01
2.991670000000000051e+00,-1.300000000000000000e+01
3.000000000000000000e+00,0.000000000000000000e+00
3.008329999999999949e+00,2.100000000000000000e+01
3.016669999999999963e+00,5.200000000000000000e+01
3.024999999999999911e+00,1.040000000000000000e+02
3.033329999999999860e+00,1.810000000000000000e+02
3.041669999999999874e+00,2.830000000000000000e+02
3.049999999999999822e+00,4.130000000000000000e+02
3.058330000000000215e+00,5.520000000000000000e+02
3.066669999999999785e+00,6.790000000000000000e+02
3.075000000000000178e+00,7.850000000000000000e+02
3.083330000000000126e+00,8.460000000000000000e+02
3.091670000000000140e+00,8.560000000000000000e+02
3.100000000000000089e+00,8.330000000000000000e+02
3.108330000000000037e+00,7.880000000000000000e+02
3.116670000000000051e+00,7.410000000000000000e+02
3.125000000000000000e+00,7.130000000000000000e+02
3.133329999999999949e+00,7.130000000000000000e+02
3.141669999999999963e+00,7.400000000000000000e+02
3.149999999999999911e+00,7.950000000000000000e+02
3.158329999999999860e+00,8.850000000000000000e+02
3.166669999999999874e+00,1.028000000000000000e+03
3.174999999999999822e+00,1.237000000000000000e+03
3.183330000000000215e+00,1.535000000000000000e+03
3.191669999999999785e+00,1.942000000000000000e+03
3.200000000000000178e+00,2.394000000000000000e+03
3.208330000000000126e+00,2.856000000000000000e+03
3.216670000000000140e+00,3.285000000000000000e+03
3.225000000000000089e+00,3.603000000000000000e+03
3.233330000000000037e+00,3.818000000000000000e+03
3.241670000000000051e+00,4.000000000000000000e+03
3.250000000000000000e+00,4.213000000000000000e+03
3.258329999999999949e+00,4.531000000000000000e+03
3.266669999999999963e+00,5.047000000000000000e+03
3.274999999999999911e+00,5.762000000000000000e+03
3.283329999999999860e+00,6.570000000000000000e+03
3.291669999999999874e+00,7.446000000000000000e+03
3.299999999999999822e+00,8.220000000000000000e+03
3.308330000000000215e+00,8.780000000000000000e+03
3.316669999999999785e+00,9.117000000000000000e+03
3.325000000000000178e+00,9.225000000000000000e+03
3.333330000000000126e+00,9.159000000000000000e+03
3.341670000000000140e+00,9.110000000000000000e+03
3.350000000000000089e+00,9.202000000000000000e+03
3.358330000000000037e+00,9.476000000000000000e+03
3.366670000000000051e+00,9.978000000000000000e+03
3.375000000000000000e+00,1.066600000000000000e+04
3.383329999999999949e+00,1.137300000000000000e+04
3.391669999999999963e+00,1.205900000000000000e+04
3.399999999999999911e+00,1.268700000000000000e+04
3.408329999999999860e+00,1.327100000000000000e+04
3.416669999999999874e+00,1.378900000000000000e+04
3.424999999999999822e+00,1.417200000000000000e+04
3.433330000000000215e+00,1.438300000000000000e+04
3.441669999999999785e+00,1.426500000000000000e+04
3.450000000000000178e+00,1.370000000000000000e+04
3.458330000000000126e+00,1.276300000000000000e+04
3.466670000000000140e+00,1.150300000000000000e+04
3.475000000000000089e+00,1.000400000000000000e+04
3.483330000000000037e+00,8.531000000000000000e+03
3.491670000000000051e+00,7.139000000000000000e+03
3.500000000000000000e+00,5.992000000000000000e+03
3.508329999999999949e+00,5.177000000000000000e+03
3.516669999999999963e+00,4.688000000000000000e+03
3.524999999999999911e+00,4.547000000000000000e+03
3.533329999999999860e+00,4.740000000000000000e+03
3.541669999999999874e+00,5.255000000000000000e+03
3.549999999999999822e+00,6.145000000000000000e+03
3.558330000000000215e+00,7.476000000000000000e+03
3.566669999999999785e+00,9.423000000000000000e+03
3.575000000000000178e+00,1.198700000000000000e+04
3.583330000000000126e+00,1.490100000000000000e+04
3.591670000000000140e+00,1.813000000000000000e+04
3.600000000000000089e+00,2.095800000000000000e+04
3.608330000000000037e+00,2.287900000000000000e+04
3.616670000000000051e+00,2.371800000000000000e+04
3.625000000000000000e+00,2.319300000000000000e+04
3.633329999999999949e+00,2.135000000000000000e+04
3.641669999999999963e+00,1.877500000000000000e+04
3.649999999999999911e+00,1.568900000000000000e+04
3.658329999999999860e+00,1.254500000000000000e+04
3.666669999999999874e+00,9.725000000000000000e+03
3.674999999999999822e+00,7.271000000000000000e+03
3.683330000000000215e+00,5.338000000000000000e+03
3.691669999999999785e+00,3.847000000000000000e+03
3.700000000000000178e+00,2.747000000000000000e+03
3.708330000000000126e+00,1.960000000000000000e+03
3.716670000000000140e+00,1.400000000000000000e+03
3.725000000000000089e+00,1.015000000000000000e+03
3.733330000000000037e+00,7.480000000000000000e+02
3.741670000000000051e+00,5.670000000000000000e+02
3.750000000000000000e+00,4.470000000000000000e+02
3.758329999999999949e+00,3.670000000000000000e+02
3.766669999999999963e+00,3.150000000000000000e+02
3.774999999999999911e+00,2.810000000000000000e+02
3.783329999999999860e+00,2.570000000000000000e+02
3.791669999999999874e+00,2.410000000000000000e+02
3.799999999999999822e+00,2.280000000000000000e+02
3.808330000000000215e+00,2.170000000000000000e+02
3.816669999999999785e+00,2.080000000000000000e+02
3.825000000000000178e+00,2.010000000000000000e+02
3.833330000000000126e+00,1.980000000000000000e+02
3.841670000000000140e+00,1.990000000000000000e+02
3.850000000000000089e+00,2.080000000000000000e+02
3.858330000000000037e+00,2.360000000000000000e+02
3.866670000000000051e+00,3.030000000000000000e+02
3.875000000000000000e+00,4.540000000000000000e+02
3.883329999999999949e+00,8.020000000000000000e+02
3.891669999999999963e+00,1.457000000000000000e+03
3.899999999999999911e+00,2.605000000000000000e+03
3.908329999999999860e+00,4.513000000000000000e+03
3.916669999999999874e+00,7.232000000000000000e+03
3.924999999999999822e+00,1.079700000000000000e+04
3.933330000000000215e+00,1.546600000000000000e+04
3.941669999999999785e+00,2.076800000000000000e+04
3.950000000000000178e+00,2.586000000000000000e+04
3.958330000000000126e+00,2.997200000000000000e+04
3.966670000000000140e+00,3.259600000000000000e+04
3.975000000000000089e+00,3.359600000000000000e+04
3.983330000000000037e+00,3.290600000000000000e+04
3.991670000000000051e+00,3.045800000000000000e+04
4.000000000000000000e+00,2.663700000000000000e+04
4.008329999999999949e+00,2.222700000000000000e+04
4.016670000000000407e+00,1.799600000000000000e+04
4.025000000000000355e+00,1.426700000000000000e+04
4.033330000000000304e+00,1.083000000000000000e+04
4.041669999999999874e+00,7.787000000000000000e+03
4.049999999999999822e+00,5.421000000000000000e+03
4.058329999999999771e+00,3.783000000000000000e+03
4.066670000000000229e+00,2.675000000000000000e+03
4.075000000000000178e+00,1.917000000000000000e+03
4.083330000000000126e+00,1.439000000000000000e+03
4.091669999999999696e+00,1.172000000000000000e+03
4.099999999999999645e+00,1.069000000000000000e+03
4.108329999999999593e+00,1.097000000000000000e+03
4.116670000000000051e+00,1.210000000000000000e+03
4.125000000000000000e+00,1.367000000000000000e+03
4.133329999999999949e+00,1.550000000000000000e+03
4.141670000000000407e+00,1.720000000000000000e+03
4.150000000000000355e+00,1.861000000000000000e+03
4.158330000000000304e+00,1.974000000000000000e+03
4.166669999999999874e+00,2.064000000000000000e+03
4.174999999999999822e+00,2.141000000000000000e+03
4.183329999999999771e+00,2.212000000000000000e+03
4.191670000000000229e+00,2.285000000000000000e+03
4.200000000000000178e+00,2.343000000000000000e+03
4.208330000000000126e+00,2.369000000000000000e+03
4.216669999999999696e+00,2.346000000000000000e+03
4.224999999999999645e+00,2.253000000000000000e+03
4.233329999999999593e+00,2.092000000000000000e+03
4.241670000000000051e+00,1.890000000000000000e+03
4.250000000000000000e+00,1.648000000000000000e+03
4.258329999999999949e+00,1.398000000000000000e+03
4.266670000000000407e+00,1.167000000000000000e+03
4.275000000000000355e+00,9.610000000000000000e+02
4.283330000000000304e+00,7.960000000000000000e+02
4.291669999999999874e+00,6.670000000000000000e+02
4.299999999999999822e+00,5.610000000000000000e+02
4.308329999999999771e+00,4.780000000000000000e+02
4.316670000000000229e+00,4.130000000000000000e+02
4.325000000000000178e+00,3.610000000000000000e+02
4.333330000000000126e+00,3.120000000000000000e+02
4.341669999999999696e+00,2.680000000000000000e+02
4.349999999999999645e+00,2.340000000000000000e+02
4.358329999999999593e+00,2.110000000000000000e+02
4.366670000000000051e+00,1.960000000000000000e+02
4.375000000000000000e+00,1.850000000000000000e+02
4.383329999999999949e+00,1.750000000000000000e+02
4.391670000000000407e+00,1.660000000000000000e+02
4.400000000000000355e+00,1.560000000000000000e+02
4.408330000000000304e+00,1.460000000000000000e+02
4.416669999999999874e+00,1.370000000000000000e+02
4.424999999999999822e+00,1.290000000000000000e+02
4.433329999999999771e+00,1.230000000000000000e+02
4.441670000000000229e+00,1.180000000000000000e+02
4.450000000000000178e+00,1.170000000000000000e+02
4.458330000000000126e+00,1.160000000000000000e+02
4.466669999999999696e+00,1.160000000000000000e+02
4.474999999999999645e+00,1.150000000000000000e+02
4.483329999999999593e+00,1.110000000000000000e+02
4.491670000000000051e+00,1.060000000000000000e+02
4.500000000000000000e+00,1.000000000000000000e+02
4.508329999999999949e+00,9.500000000000000000e+01
4.516670000000000407e+00,9.100000000000000000e+01
4.525000000000000355e+00,8.700000000000000000e+01
4.533330000000000304e+00,8.400000000000000000e+01
4.541669999999999874e+00,8.000000000000000000e+01
4.549999999999999822e+00,7.500000000000000000e+01
4.558329999999999771e+00,7.000000000000000000e+01
4.566670000000000229e+00,6.600000000000000000e+01
4.575000000000000178e+00,6.500000000000000000e+01
4.583330000000000126e+00,6.300000000000000000e+01
4.591669999999999696e+00,6.100000000000000000e+01
4.599999999999999645e+00,5.700000000000000000e+01
4.608329999999999593e+00,5.200000000000000000e+01
4.616670000000000051e+00,4.600000000000000000e+01
4.625000000000000000e+00,4.100000000000000000e+01
4.633329999999999949e+00,3.800000000000000000e+01
4.641670000000000407e+00,3.600000000000000000e+01
4.650000000000000355e+00,3.500000000000000000e+01
4.658330000000000304e+00,3.500000000000000000e+01
4.666669999999999874e+00,3.600000000000000000e+01
4.674999999999999822e+00,3.800000000000000000e+01
4.683329999999999771e+00,4.200000000000000000e+01
4.691670000000000229e+00,4.800000000000000000e+01
4.700000000000000178e+00,5.500000000000000000e+01
4.708330000000000126e+00,6.200000000000000000e+01
4.716669999999999696e+00,6.600000000000000000e+01
4.724999999999999645e+00,6.700000000000000000e+01
4.733329999999999593e+00,6.500000000000000000e+01
4.741670000000000051e+00,6.100000000000000000e+01
4.750000000000000000e+00,5.900000000000000000e+01
4.758329999999999949e+00,5.900000000000000000e+01
4.766670000000000407e+00,6.100000000000000000e+01
4.775000000000000355e+00,6.300000000000000000e+01
4.783330000000000304e+00,6.500000000000000000e+01
4.791669999999999874e+00,6.600000000000000000e+01
4.799999999999999822e+00,6.500000000000000000e+01
4.808329999999999771e+00,6.500000000000000000e+01
4.816670000000000229e+00,6.600000000000000000e+01
4.825000000000000178e+00,6.900000000000000000e+01
4.833330000000000126e+00,7.300000000000000000e+01
4.841669999999999696e+00,7.800000000000000000e+01
4.849999999999999645e+00,8.500000000000000000e+01
4.858329999999999593e+00,1.010000000000000000e+02
4.866670000000000051e+00,1.400000000000000000e+02
4.875000000000000000e+00,2.290000000000000000e+02
4.883329999999999949e+00,4.430000000000000000e+02
4.891670000000000407e+00,8.660000000000000000e+02
4.900000000000000355e+00,1.722000000000000000e+03
4.908330000000000304e+00,3.316000000000000000e+03
4.916669999999999874e+00,5.992000000000000000e+03
4.924999999999999822e+00,1.038600000000000000e+04
4.933329999999999771e+00,1.704200000000000000e+04
4.941670000000000229e+00,2.613900000000000000e+04
4.950000000000000178e+00,3.846600000000000000e+04
4.958330000000000126e+00,5.315900000000000000e+04
4.966669999999999696e+00,6.951700000000000000e+04
4.974999999999999645e+00,8.693900000000000000e+04
4.983329999999999593e+00,1.024310000000000000e+05
4.991670000000000051e+00,1.152710000000000000e+05
5.000000000000000000e+00,1.237020000000000000e+05
5.008329999999999949e+00,1.262850000000000000e+05
5.016670000000000407e+00,1.234780000000000000e+05
5.025000000000000355e+00,1.158530000000000000e+05
5.033330000000000304e+00,1.038660000000000000e+05
5.041669999999999874e+00,9.003200000000000000e+04
5.049999999999999822e+00,7.511800000000000000e+04
5.058329999999999771e+00,6.054000000000000000e+04
5.066670000000000229e+00,4.758300000000000000e+04
5.075000000000000178e+00,3.621800000000000000e+04
5.083330000000000126e+00,2.710300000000000000e+04
5.091669999999999696e+00,1.990200000000000000e+04
5.099999999999999645e+00,1.445300000000000000e+04
5.108329999999999593e+00,1.049600000000000000e+04
5.116670000000000051e+00,7.643000000000000000e+03
5.125000000000000000e+00,5.675000000000000000e+03
5.133329999999999949e+00,4.317000000000000000e+03
5.141670000000000407e+00,3.400000000000000000e+03
5.150000000000000355e+00,2.783000000000000000e+03
5.158330000000000304e+00,2.367000000000000000e+03
5.166669999999999874e+00,2.089000000000000000e+03
5.174999999999999822e+00,1.900000000000000000e+03
5.183329999999999771e+00,1.771000000000000000e+03
5.191670000000000229e+00,1.681000000000000000e+03
5.200000000000000178e+00,1.616000000000000000e+03
5.208330000000000126e+00,1.567000000000000000e+03
5.216669999999999696e+00,1.526000000000000000e+03
5.224999999999999645e+00,1.492000000000000000e+03
5.233329999999999593e+00,1.464000000000000000e+03
5.241670000000000051e+00,1.441000000000000000e+03
5.250000000000000000e+00,1.425000000000000000e+03
5.258329999999999949e+00,1.413000000000000000e+03
5.266670000000000407e+00,1.405000000000000000e+03
5.275000000000000355e+00,1.400000000000000000e+03
5.283330000000000304e+00,1.394000000000000000e+03
5.291669999999999874e+00,1.388000000000000000e+03
5.299999999999999822e+00,1.381000000000000000e+03
5.308329999999999771e+00,1.374000000000000000e+03
5.316670000000000229e+00,1.365000000000000000e+03
5.325000000000000178e+00,1.356000000000000000e+03
5.333330000000000126e+00,1.347000000000000000e+03
5.341669999999999696e+00,1.339000000000000000e+03
5.349999999999999645e+00,1.332000000000000000e+03
5.358329999999999593e+00,1.325000000000000000e+03
5.366670000000000051e+00,1.320000000000000000e+03
5.375000000000000000e+00,1.315000000000000000e+03
5.383329999999999949e+00,1.311000000000000000e+03
5.391670000000000407e+00,1.305000000000000000e+03
5.400000000000000355e+00,1.301000000000000000e+03
5.408330000000000304e+00,1.297000000000000000e+03
5.416669999999999874e+00,1.295000000000000000e+03
5.424999999999999822e+00,1.294000000000000000e+03
5.433329999999999771e+00,1.295000000000000000e+03
5.441670000000000229e+00,1.292000000000000000e+03
5.450000000000000178e+00,1.285000000000000000e+03
5.458330000000000126e+00,1.272000000000000000e+03
5.466669999999999696e+00,1.258000000000000000e+03
5.474999999999999645e+00,1.244000000000000000e+03
5.483329999999999593e+00,1.235000000000000000e+03
5.491670000000000051e+00,1.231000000000000000e+03
5.500000000000000000e+00,1.232000000000000000e+03
5.508329999999999949e+00,1.235000000000000000e+03
5.516670000000000407e+00,1.238000000000000000e+03
5.525000000000000355e+00,1.239000000000000000e+03
5.533330000000000304e+00,1.237000000000000000e+03
5.541669999999999874e+00,1.234000000000000000e+03
5.549999999999999822e+00,1.232000000000000000e+03
5.558329999999999771e+00,1.231000000000000000e+03
5.566670000000000229e+00,1.230000000000000000e+03
5.575000000000000178e+00,1.231000000000000000e+03
5.583330000000000126e+00,1.232000000000000000e+03
5.591669999999999696e+00,1.234000000000000000e+03
5.599999999999999645e+00,1.235000000000000000e+03
5.608329999999999593e+00,1.237000000000000000e+03
5.616670000000000051e+00,1.238000000000000000e+03
5.625000000000000000e+00,1.239000000000000000e+03
5.633329999999999949e+00,1.243000000000000000e+03
5.641670000000000407e+00,1.249000000000000000e+03
5.650000000000000355e+00,1.256000000000000000e+03
5.658330000000000304e+00,1.264000000000000000e+03
5.666669999999999874e+00,1.271000000000000000e+03
5.674999999999999822e+00,1.278000000000000000e+03
5.683329999999999771e+00,1.284000000000000000e+03
5.691670000000000229e+00,1.288000000000000000e+03
5.700000000000000178e+00,1.292000000000000000e+03
5.708330000000000126e+00,1.297000000000000000e+03
5.716669999999999696e+00,1.304000000000000000e+03
5.724999999999999645e+00,1.311000000000000000e+03
5.733329999999999593e+00,1.320000000000000000e+03
5.741670000000000051e+00,1.329000000000000000e+03
5.750000000000000000e+00,1.338000000000000000e+03
5.758329999999999949e+00,1.346000000000000000e+03
5.766670000000000407e+00,1.353000000000000000e+03
5.775000000000000355e+00,1.359000000000000000e+03
5.783330000000000304e+00,1.364000000000000000e+03
5.791669999999999874e+00,1.371000000000000000e+03
5.799999999999999822e+00,1.390000000000000000e+03
5.808329999999999771e+00,1.436000000000000000e+03
5.816670000000000229e+00,1.552000000000000000e+03
5.825000000000000178e+00,1.828000000000000000e+03
5.833330000000000126e+00,2.405000000000000000e+03
5.841669999999999696e+00,3.699000000000000000e+03
5.849999999999999645e+00,6.215000000000000000e+03
5.858329999999999593e+00,1.106100000000000000e+04
5.866670000000000051e+00,2.007300000000000000e+04
5.875000000000000000e+00,3.531400000000000000e+04
5.883329999999999949e+00,6.070300000000000000e+04
5.891670000000000407e+00,1.007310000000000000e+05
5.900000000000000355e+00,1.586830000000000000e+05
5.908330000000000304e+00,2.420280000000000000e+05
5.916669999999999874e+00,3.519520000000000000e+05
5.924999999999999822e+00,4.884980000000000000e+05
5.933329999999999771e+00,6.558230000000000000e+05
5.941670000000000229e+00,8.361940000000000000e+05
5.950000000000000178e+00,1.028769000000000000e+06
5.958330000000000126e+00,1.214056000000000000e+06
5.966669999999999696e+00,1.369740000000000000e+06
5.974999999999999645e+00,1.490085000000000000e+06
5.983329999999999593e+00,1.554048000000000000e+06
5.991670000000000051e+00,1.555904000000000000e+06
6.000000000000000000e+00,1.503670000000000000e+06
6.008329999999999949e+00,1.398717000000000000e+06
6.016670000000000407e+00,1.254858000000000000e+06
6.025000000000000355e+00,1.093650000000000000e+06
6.033330000000000304e+00,9.191140000000000000e+05
6.041669999999999874e+00,7.532820000000000000e+05
6.049999999999999822e+00,6.000090000000000000e+05
6.058329999999999771e+00,4.650200000000000000e+05
6.066670000000000229e+00,3.538930000000000000e+05
6.075000000000000178e+00,2.624490000000000000e+05
6.083330000000000126e+00,1.921420000000000000e+05
6.091669999999999696e+00,1.384480000000000000e+05
6.099999999999999645e+00,9.874200000000000000e+04
6.108329999999999593e+00,7.026700000000000000e+04
6.116670000000000051e+00,4.984400000000000000e+04
6.125000000000000000e+00,3.573000000000000000e+04
6.133329999999999949e+00,2.588200000000000000e+04
6.141670000000000407e+00,1.914300000000000000e+04
6.150000000000000355e+00,1.451400000000000000e+04
6.158330000000000304e+00,1.130100000000000000e+04
6.166669999999999874e+00,9.077000000000000000e+03
6.174999999999999822e+00,7.479000000000000000e+03
6.183329999999999771e+00,6.334000000000000000e+03
6.191670000000000229e+00,5.479000000000000000e+03
6.200000000000000178e+00,4.831000000000000000e+03
6.208330000000000126e+00,4.327000000000000000e+03
6.216669999999999696e+00,3.920000000000000000e+03
6.224999999999999645e+00,3.594000000000000000e+03
6.233329999999999593e+00,3.317000000000000000e+03
6.241670000000000051e+00,3.087000000000000000e+03
6.250000000000000000e+00,2.891000000000000000e+03
6.258329999999999949e+00,2.722000000000000000e+03
6.266670000000000407e+00,2.577000000000000000e+03
6.275000000000000355e+00,2.447000000000000000e+03
6.283330000000000304e+00,2.334000000000000000e+03
6.291669999999999874e+00,2.231000000000000000e+03
6.299999999999999822e+00,2.139000000000000000e+03
6.308329999999999771e+00,2.054000000000000000e+03
6.316670000000000229e+00,1.974000000000000000e+03
6.325000000000000178e+00,1.901000000000000000e+03
6.333330000000000126e+00,1.829000000000000000e+03
6.341669999999999696e+00,1.763000000000000000e+03
6.349999999999999645e+00,1.701000000000000000e+03
6.358329999999999593e+00,1.644000000000000000e+03
6.366670000000000051e+00,1.592000000000000000e+03
6.375000000000000000e+00,1.543000000000000000e+03
6.383329999999999949e+00,1.498000000000000000e+03
6.391670000000000407e+00,1.455000000000000000e+03
6.400000000000000355e+00,1.414000000000000000e+03
6.408330000000000304e+00,1.376000000000000000e+03
6.416669999999999874e+00,1.340000000000000000e+03
6.424999999999999822e+00,1.307000000000000000e+03
6.433329999999999771e+00,1.274000000000000000e+03
6.441670000000000229e+00,1.243000000000000000e+03
6.450000000000000178e+00,1.211000000000000000e+03
6.458330000000000126e+00,1.181000000000000000e+03
6.466669999999999696e+00,1.151000000000000000e+03
6.474999999999999645e+00,1.122000000000000000e+03
6.483329999999999593e+00,1.095000000000000000e+03
6.491670000000000051e+00,1.069000000000000000e+03
6.500000000000000000e+00,1.047000000000000000e+03
6.508329999999999949e+00,1.029000000000000000e+03
6.516670000000000407e+00,1.014000000000000000e+03
6.525000000000000355e+00,1.000000000000000000e+03
6.533330000000000304e+00,9.870000000000000000e+02
6.541669999999999874e+00,9.740000000000000000e+02
6.549999999999999822e+00,9.600000000000000000e+02
6.558329999999999771e+00,9.480000000000000000e+02
6.566670000000000229e+00,9.380000000000000000e+02
6.575000000000000178e+00,9.320000000000000000e+02
6.583330000000000126e+00,9.340000000000000000e+02
6.591669999999999696e+00,9.440000000000000000e+02
6.599999999999999645e+00,9.690000000000000000e+02
6.608329999999999593e+00,1.013000000000000000e+03
6.616670000000000051e+00,1.078000000000000000e+03
6.625000000000000000e+00,1.167000000000000000e+03
6.633329999999999949e+00,1.283000000000000000e+03
6.641670000000000407e+00,1.421000000000000000e+03
6.650000000000000355e+00,1.586000000000000000e+03
6.658330000000000304e+00,1.768000000000000000e+03
6.666669999999999874e+00,1.956000000000000000e+03
6.674999999999999822e+00,2.145000000000000000e+03
6.683329999999999771e+00,2.310000000000000000e+03
6.691670000000000229e+00,2.446000000000000000e+03
6.700000000000000178e+00,2.542000000000000000e+03
6.708330000000000126e+00,2.588000000000000000e+03
6.716669999999999696e+00,2.589000000000000000e+03
6.724999999999999645e+00,2.544000000000000000e+03
6.733329999999999593e+00,2.457000000000000000e+03
6.741670000000000051e+00,2.341000000000000000e+03
6.750000000000000000e+00,2.201000000000000000e+03
6.758329999999999949e+00,2.047000000000000000e+03
6.766670000000000407e+00,1.891000000000000000e+03
6.775000000000000355e+00,1.732000000000000000e+03
6.783330000000000304e+00,1.586000000000000000e+03
6.791669999999999874e+00,1.450000000000000000e+03
6.799999999999999822e+00,1.329000000000000000e+03
6.808329999999999771e+00,1.222000000000000000e+03
6.816670000000000229e+00,1.126000000000000000e+03
6.825000000000000178e+00,1.042000000000000000e+03
6.833330000000000126e+00,9.680000000000000000e+02
6.841669999999999696e+00,9.060000000000000000e+02
6.849999999999999645e+00,8.570000000000000000e+02
6.858329999999999593e+00,8.190000000000000000e+02
6.866670000000000051e+00,7.880000000000000000e+02
6.875000000000000000e+00,7.640000000000000000e+02
6.883329999999999949e+00,7.450000000000000000e+02
6.891670000000000407e+00,7.300000000000000000e+02
6.900000000000000355e+00,7.200000000000000000e+02
6.908330000000000304e+00,7.130000000000000000e+02
6.916669999999999874e+00,7.090000000000000000e+02
6.924999999999999822e+00,7.070000000000000000e+02
6.933329999999999771e+00,7.060000000000000000e+02
6.941670000000000229e+00,7.050000000000000000e+02
6.950000000000000178e+00,7.050000000000000000e+02
6.958330000000000126e+00,7.030000000000000000e+02
6.966669999999999696e+00,6.990000000000000000e+02
6.974999999999999645e+00,6.940000000000000000e+02
6.983329999999999593e+00,6.890000000000000000e+02
6.991670000000000051e+00,6.850000000000000000e+02
7.000000000000000000e+00,6.800000000000000000e+02
7.008329999999999949e+00,6.730000000000000000e+02
7.016670000000000407e+00,6.660000000000000000e+02
7.025000000000000355e+00,6.590000000000000000e+02
7.033330000000000304e+00,6.510000000000000000e+02
7.041669999999999874e+00,6.450000000000000000e+02
7.049999999999999822e+00,6.430000000000000000e+02
7.058329999999999771e+00,6.430000000000000000e+02
7.066670000000000229e+00,6.450000000000000000e+02
7.075000000000000178e+00,6.480000000000000000e+02
7.083330000000000126e+00,6.500000000000000000e+02
7.091669999999999696e+00,6.500000000000000000e+02
7.099999999999999645e+00,6.470000000000000000e+02
7.108329999999999593e+00,6.430000000000000000e+02
7.116670000000000051e+00,6.380000000000000000e+02
7.125000000000000000e+00,6.350000000000000000e+02
7.133329999999999949e+00,6.350000000000000000e+02
7.141670000000000407e+00,6.370000000000000000e+02
7.150000000000000355e+00,6.400000000000000000e+02
7.158330000000000304e+00,6.460000000000000000e+02
7.166669999999999874e+00,6.520000000000000000e+02
7.174999999999999822e+00,6.590000000000000000e+02
7.183329999999999771e+00,6.650000000000000000e+02
7.191670000000000229e+00,6.690000000000000000e+02
7.200000000000000178e+00,6.720000000000000000e+02
7.208330000000000126e+00,6.740000000000000000e+02
7.216669999999999696e+00,6.760000000000000000e+02
7.224999999999999645e+00,6.770000000000000000e+02
7.233329999999999593e+00,6.800000000000000000e+02
7.241670000000000051e+00,6.830000000000000000e+02
7.250000000000000000e+00,6.840000000000000000e+02
7.258329999999999949e+00,6.830000000000000000e+02
7.266670000000000407e+00,6.800000000000000000e+02
7.275000000000000355e+00,6.760000000000000000e+02
7.283330000000000304e+00,6.710000000000000000e+02
7.291669999999999874e+00,6.660000000000000000e+02
7.299999999999999822e+00,6.600000000000000000e+02
7.308329999999999771e+00,6.540000000000000000e+02
7.316670000000000229e+00,6.470000000000000000e+02
7.325000000000000178e+00,6.400000000000000000e+02
7.333330000000000126e+00,6.350000000000000000e+02
7.341669999999999696e+00,6.300000000000000000e+02
7.349999999999999645e+00,6.280000000000000000e+02
7.358329999999999593e+00,6.280000000000000000e+02
7.366670000000000051e+00,6.280000000000000000e+02
7.375000000000000000e+00,6.280000000000000000e+02
7.383329999999999949e+00,6.290000000000000000e+02
7.391670000000000407e+00,6.300000000000000000e+02
7.400000000000000355e+00,6.310000000000000000e+02
7.408330000000000304e+00,6.350000000000000000e+02
7.416669999999999874e+00,6.400000000000000000e+02
7.424999999999999822e+00,6.440000000000000000e+02
7.433329999999999771e+00,6.480000000000000000e+02
7.441670000000000229e+00,6.500000000000000000e+02
7.450000000000000178e+00,6.500000000000000000e+02
7.458330000000000126e+00,6.510000000000000000e+02
7.466669999999999696e+00,6.540000000000000000e+02
7.474999999999999645e+00,6.610000000000000000e+02
7.483329999999999593e+00,6.690000000000000000e+02
7.491670000000000051e+00,6.770000000000000000e+02
7.500000000000000000e+00,6.840000000000000000e+02
7.508329999999999949e+00,6.890000000000000000e+02
7.516670000000000407e+00,6.940000000000000000e+02
7.525000000000000355e+00,6.980000000000000000e+02
7.533330000000000304e+00,7.040000000000000000e+02
7.541669999999999874e+00,7.100000000000000000e+02
7.549999999999999822e+00,7.180000000000000000e+02
7.558329999999999771e+00,7.270000000000000000e+02
7.566670000000000229e+00,7.360000000000000000e+02
7.575000000000000178e+00,7.460000000000000000e+02
7.583330000000000126e+00,7.560000000000000000e+02
7.591669999999999696e+00,7.660000000000000000e+02
7.599999999999999645e+00,7.750000000000000000e+02
7.608329999999999593e+00,7.840000000000000000e+02
7.616670000000000051e+00,7.900000000000000000e+02
7.625000000000000000e+00,7.960000000000000000e+02
7.633329999999999949e+00,8.000000000000000000e+02
7.641670000000000407e+00,8.040000000000000000e+02
7.650000000000000355e+00,8.060000000000000000e+02
7.658330000000000304e+00,8.070000000000000000e+02
7.666669999999999874e+00,8.060000000000000000e+02
7.674999999999999822e+00,8.030000000000000000e+02
7.683329999999999771e+00,7.990000000000000000e+02
7.691670000000000229e+00,7.950000000000000000e+02
7.700000000000000178e+00,7.900000000000000000e+02
7.708330000000000126e+00,7.860000000000000000e+02
7.716669999999999696e+00,7.810000000000000000e+02
7.724999999999999645e+00,7.760000000000000000e+02
7.733329999999999593e+00,7.710000000000000000e+02
7.741670000000000051e+00,7.640000000000000000e+02
7.750000000000000000e+00,7.550000000000000000e+02
7.758329999999999949e+00,7.450000000000000000e+02
7.766670000000000407e+00,7.340000000000000000e+02
7.775000000000000355e+00,7.230000000000000000e+02
7.783330000000000304e+00,7.120000000000000000e+02
7.791669999999999874e+00,7.020000000000000000e+02
7.799999999999999822e+00,6.920000000000000000e+02
7.808329999999999771e+00,6.840000000000000000e+02
7.816670000000000229e+00,6.780000000000000000e+02
7.825000000000000178e+00,6.750000000000000000e+02
7.833330000000000126e+00,6.720000000000000000e+02
7.841669999999999696e+00,6.700000000000000000e+02
7.849999999999999645e+00,6.650000000000000000e+02
7.858329999999999593e+00,6.580000000000000000e+02
7.866670000000000051e+00,6.510000000000000000e+02
7.875000000000000000e+00,6.430000000000000000e+02
7.883329999999999949e+00,6.360000000000000000e+02
7.891670000000000407e+00,6.310000000000000000e+02
7.900000000000000355e+00,6.270000000000000000e+02
7.908330000000000304e+00,6.260000000000000000e+02
7.916669999999999874e+00,6.270000000000000000e+02
7.924999999999999822e+00,6.270000000000000000e+02
7.933329999999999771e+00,6.260000000000000000e+02
7.941670000000000229e+00,6.220000000000000000e+02
7.950000000000000178e+00,6.130000000000000000e+02
7.958330000000000126e+00,6.010000000000000000e+02
7.966669999999999696e+00,5.910000000000000000e+02
7.974999999999999645e+00,5.820000000000000000e+02
7.983329999999999593e+00,5.750000000000000000e+02
7.991670000000000051e+00,5.710000000000000000e+02
8.000000000000000000e+00,5.670000000000000000e+02
8.008330000000000837e+00,5.650000000000000000e+02
8.016669999999999519e+00,5.640000000000000000e+02
8.025000000000000355e+00,5.630000000000000000e+02
8.033329999999999416e+00,5.620000000000000000e+02
8.041669999999999874e+00,5.600000000000000000e+02
8.050000000000000711e+00,5.540000000000000000e+02
8.058329999999999771e+00,5.470000000000000000e+02
8.066670000000000229e+00,5.390000000000000000e+02
8.074999999999999289e+00,5.310000000000000000e+02
8.083330000000000126e+00,5.270000000000000000e+02
8.091670000000000584e+00,5.250000000000000000e+02
8.099999999999999645e+00,5.270000000000000000e+02
8.108330000000000481e+00,5.290000000000000000e+02
8.116669999999999163e+00,5.330000000000000000e+02
8.125000000000000000e+00,5.350000000000000000e+02
8.133330000000000837e+00,5.350000000000000000e+02
8.141669999999999519e+00,5.330000000000000000e+02
8.150000000000000355e+00,5.300000000000000000e+02
8.158329999999999416e+00,5.260000000000000000e+02
8.166669999999999874e+00,5.220000000000000000e+02
8.175000000000000711e+00,5.190000000000000000e+02
8.183329999999999771e+00,5.140000000000000000e+02
8.191670000000000229e+00,5.080000000000000000e+02
8.199999999999999289e+00,5.020000000000000000e+02
8.208330000000000126e+00,4.940000000000000000e+02
8.216670000000000584e+00,4.870000000000000000e+02
8.224999999999999645e+00,4.800000000000000000e+02
8.233330000000000481e+00,4.730000000000000000e+02
8.241669999999999163e+00,4.670000000000000000e+02
8.250000000000000000e+00,4.620000000000000000e+02
8.258330000000000837e+00,4.590000000000000000e+02
8.266669999999999519e+00,4.570000000000000000e+02
8.275000000000000355e+00,4.570000000000000000e+02
8.283329999999999416e+00,4.570000000000000000e+02
8.291669999999999874e+00,4.560000000000000000e+02
8.300000000000000711e+00,4.560000000000000000e+02
8.308329999999999771e+00,4.580000000000000000e+02
8.316670000000000229e+00,4.620000000000000000e+02
8.324999999999999289e+00,4.670000000000000000e+02
8.333330000000000126e+00,4.730000000000000000e+02
8.341670000000000584e+00,4.780000000000000000e+02
8.349999999999999645e+00,4.820000000000000000e+02
8.358330000000000481e+00,4.850000000000000000e+02
8.366669999999999163e+00,4.880000000000000000e+02
8.375000000000000000e+00,4.910000000000000000e+02
8.383330000000000837e+00,4.940000000000000000e+02
8.391669999999999519e+00,4.960000000000000000e+02
8.400000000000000355e+00,4.970000000000000000e+02
8.408329999999999416e+00,4.980000000000000000e+02
8.416669999999999874e+00,4.980000000000000000e+02
8.425000000000000711e+00,4.970000000000000000e+02
8.433329999999999771e+00,4.950000000000000000e+02
8.441670000000000229e+00,4.900000000000000000e+02
8.449999999999999289e+00,4.820000000000000000e+02
8.458330000000000126e+00,4.740000000000000000e+02
8.466670000000000584e+00,4.650000000000000000e+02
8.474999999999999645e+00,4.570000000000000000e+02
8.483330000000000481e+00,4.500000000000000000e+02
8.491669999999999163e+00,4.440000000000000000e+02
8.500000000000000000e+00,4.390000000000000000e+02
8.508330000000000837e+00,4.370000000000000000e+02
8.516669999999999519e+00,4.360000000000000000e+02
8.525000000000000355e+00,4.370000000000000000e+02
8.533329999999999416e+00,4.380000000000000000e+02
8.541669999999999874e+00,4.390000000000000000e+02
8.550000000000000711e+00,4.390000000000000000e+02
8.558329999999999771e+00,4.380000000000000000e+02
8.566670000000000229e+00,4.350000000000000000e+02
8.574999999999999289e+00,4.320000000000000000e+02
8.583330000000000126e+00,4.310000000000000000e+02
8.591670000000000584e+00,4.320000000000000000e+02
8.599999999999999645e+00,4.350000000000000000e+02
8.608330000000000481e+00,4.380000000000000000e+02
8.616669999999999163e+00,4.410000000000000000e+02
8.625000000000000000e+00,4.410000000000000000e+02
8.633330000000000837e+00,4.390000000000000000e+02
8.641669999999999519e+00,4.360000000000000000e+02
8.650000000000000355e+00,4.350000000000000000e+02
8.658329999999999416e+00,4.340000000000000000e+02
8.666669999999999874e+00,4.350000000000000000e+02
8.675000000000000711e+00,4.350000000000000000e+02
8.683329999999999771e+00,4.340000000000000000e+02
8.691670000000000229e+00,4.300000000000000000e+02
8.699999999999999289e+00,4.250000000000000000e+02
8.708330000000000126e+00,4.200000000000000000e+02
8.716670000000000584e+00,4.160000000000000000e+02
8.724999999999999645e+00,4.130000000000000000e+02
8.733330000000000481e+00,4.120000000000000000e+02
8.741669999999999163e+00,4.120000000000000000e+02
8.750000000000000000e+00,4.130000000000000000e+02
8.758330000000000837e+00,4.140000000000000000e+02
8.766669999999999519e+00,4.140000000000000000e+02
8.775000000000000355e+00,4.140000000000000000e+02
8.783329999999999416e+00,4.140000000000000000e+02
8.791669999999999874e+00,4.130000000000000000e+02
8.800000000000000711e+00,4.120000000000000000e+02
8.808329999999999771e+00,4.110000000000000000e+02
8.816670000000000229e+00,4.090000000000000000e+02
8.824999999999999289e+00,4.060000000000000000e+02
8.833330000000000126e+00,4.040000000000000000e+02
8.841670000000000584e+00,4.020000000000000000e+02
8.849999999999999645e+00,4.020000000000000000e+02
8.858330000000000481e+00,4.040000000000000000e+02
8.866669999999999163e+00,4.060000000000000000e+02
8.875000000000000000e+00,4.090000000000000000e+02
8.883330000000000837e+00,4.120000000000000000e+02
8.891669999999999519e+00,4.140000000000000000e+02
8.900000000000000355e+00,4.160000000000000000e+02
8.908329999999999416e+00,4.180000000000000000e+02
8.916669999999999874e+00,4.180000000000000000e+02
8.925000000000000711e+00,4.150000000000000000e+02
8.933329999999999771e+00,4.110000000000000000e+02
8.941670000000000229e+00,4.050000000000000000e+02
8.949999999999999289e+00,4.000000000000000000e+02
8.958330000000000126e+00,3.960000000000000000e+02
8.966670000000000584e+00,3.950000000000000000e+02
8.974999999999999645e+00,3.960000000000000000e+02
8.983330000000000481e+00,3.990000000000000000e+02
8.991669999999999163e+00,4.010000000000000000e+02
9.000000000000000000e+00,4.010000000000000000e+02
9.008330000000000837e+00,4.000000000000000000e+02
9.016669999999999519e+00,3.970000000000000000e+02
9.025000000000000355e+00,3.950000000000000000e+02
9.033329999999999416e+00,3.930000000000000000e+02
9.041669999999999874e+00,3.910000000000000000e+02
9.050000000000000711e+00,3.870000000000000000e+02
9.058329999999999771e+00,3.820000000000000000e+02
9.066670000000000229e+00,3.780000000000000000e+02
9.074999999999999289e+00,3.740000000000000000e+02
9.083330000000000126e+00,3.730000000000000000e+02
9.091670000000000584e+00,3.770000000000000000e+02
9.099999999999999645e+00,3.830000000000000000e+02
9.108330000000000481e+00,3.910000000000000000e+02
9.116669999999999163e+00,3.980000000000000000e+02
9.125000000000000000e+00,4.040000000000000000e+02
9.133330000000000837e+00,4.080000000000000000e+02
9.141669999999999519e+00,4.090000000000000000e+02
9.150000000000000355e+00,4.090000000000000000e+02
9.158329999999999416e+00,4.080000000000000000e+02
9.166669999999999874e+00,4.040000000000000000e+02
9.175000000000000711e+00,3.990000000000000000e+02
9.183329999999999771e+00,3.940000000000000000e+02
9.191670000000000229e+00,3.880000000000000000e+02
9.199999999999999289e+00,3.830000000000000000e+02
9.208330000000000126e+00,3.810000000000000000e+02
9.216670000000000584e+00,3.820000000000000000e+02
9.224999999999999645e+00,3.860000000000000000e+02
9.233330000000000481e+00,3.900000000000000000e+02
9.241669999999999163e+00,3.940000000000000000e+02
9.250000000000000000e+00,3.970000000000000000e+02
9.258330000000000837e+00,3.990000000000000000e+02
9.266669999999999519e+00,3.980000000000000000e+02
9.275000000000000355e+00,3.950000000000000000e+02
9.283329999999999416e+00,3.900000000000000000e+02
9.291669999999999874e+00,3.840000000000000000e+02
9.300000000000000711e+00,3.780000000000000000e+02
9.308329999999999771e+00,3.730000000000000000e+02
9.316670000000000229e+00,3.720000000000000000e+02
9.324999999999999289e+00,3.730000000000000000e+02
9.333330000000000126e+00,3.760000000000000000e+02
9.341670000000000584e+00,3.800000000000000000e+02
9.349999999999999645e+00,3.830000000000000000e+02
9.358330000000000481e+00,3.860000000000000000e+02
9.366669999999999163e+00,3.880000000000000000e+02
9.375000000000000000e+00,3.900000000000000000e+02
9.383330000000000837e+00,3.900000000000000000e+02
9.391669999999999519e+00,3.870000000000000000e+02
9.400000000000000355e+00,3.820000000000000000e+02
9.408329999999999416e+00,3.780000000000000000e+02
9.416669999999999874e+00,3.750000000000000000e+02
9.425000000000000711e+00,3.740000000000000000e+02
9.433329999999999771e+00,3.760000000000000000e+02
9.441670000000000229e+00,3.790000000000000000e+02
9.449999999999999289e+00,3.810000000000000000e+02
9.458330000000000126e+00,3.820000000000000000e+02
9.466670000000000584e+00,3.820000000000000000e+02
9.474999999999999645e+00,3.810000000000000000e+02
9.483330000000000481e+00,3.790000000000000000e+02
9.491669999999999163e+00,3.770000000000000000e+02
9.500000000000000000e+00,3.750000000000000000e+02
9.508330000000000837e+00,3.760000000000000000e+02
9.516669999999999519e+00,3.790000000000000000e+02
9.525000000000000355e+00,3.830000000000000000e+02
9.533329999999999416e+00,3.840000000000000000e+02
9.541669999999999874e+00,3.840000000000000000e+02
9.550000000000000711e+00,3.840000000000000000e+02
9.558329999999999771e+00,3.850000000000000000e+02
9.566670000000000229e+00,3.860000000000000000e+02
9.574999999999999289e+00,3.890000000000000000e+02
9.583330000000000126e+00,3.930000000000000000e+02
9.591670000000000584e+00,3.960000000000000000e+02
9.599999999999999645e+00,4.000000000000000000e+02
9.608330000000000481e+00,4.060000000000000000e+02
9.616669999999999163e+00,4.110000000000000000e+02
9.625000000000000000e+00,4.150000000000000000e+02
9.633330000000000837e+00,4.170000000000000000e+02
9.641669999999999519e+00,4.180000000000000000e+02
9.650000000000000355e+00,4.190000000000000000e+02
9.658329999999999416e+00,4.200000000000000000e+02
9.666669999999999874e+00,4.190000000000000000e+02
9.675000000000000711e+00,4.150000000000000000e+02
9.683329999999999771e+00,4.090000000000000000e+02
9.691670000000000229e+00,4.030000000000000000e+02
9.699999999999999289e+00,3.960000000000000000e+02
9.708330000000000126e+00,3.890000000000000000e+02
9.716670000000000584e+00,3.830000000000000000e+02
9.724999999999999645e+00,3.770000000000000000e+02
9.733330000000000481e+00,3.740000000000000000e+02
9.741669999999999163e+00,3.740000000000000000e+02
9.750000000000000000e+00,3.780000000000000000e+02
9.758330000000000837e+00,3.850000000000000000e+02
9.766669999999999519e+00,3.900000000000000000e+02
9.775000000000000355e+00,3.920000000000000000e+02
9.783329999999999416e+00,3.900000000000000000e+02
9.791669999999999874e+00,3.850000000000000000e+02
9.800000000000000711e+00,3.790000000000000000e+02
9.808329999999999771e+00,3.750000000000000000e+02
9.816670000000000229e+00,3.730000000000000000e+02
9.824999999999999289e+00,3.740000000000000000e+02
9.833330000000000126e+00,3.780000000000000000e+02
9.841670000000000584e+00,3.810000000000000000e+02
9.849999999999999645e+00,3.820000000000000000e+02
9.858330000000000481e+00,3.810000000000000000e+02
9.866669999999999163e+00,3.780000000000000000e+02
9.875000000000000000e+00,3.740000000000000000e+02
9.883330000000000837e+00,3.690000000000000000e+02
9.891669999999999519e+00,3.650000000000000000e+02
9.900000000000000355e+00,3.620000000000000000e+02
9.908329999999999416e+00,3.590000000000000000e+02
9.916669999999999874e+00,3.580000000000000000e+02
9.925000000000000711e+00,3.570000000000000000e+02
9.933329999999999771e+00,3.580000000000000000e+02
9.941670000000000229e+00,3.600000000000000000e+02
9.949999999999999289e+00,3.610000000000000000e+02
9.958330000000000126e+00,3.620000000000000000e+02
9.966670000000000584e+00,3.620000000000000000e+02
9.974999999999999645e+00,3.610000000000000000e+02
9.983330000000000481e+00,3.600000000000000000e+02
9.991669999999999163e+00,3.590000000000000000e+02
1.000000000000000000e+01,3.590000000000000000e+02
1.000833000000000084e+01,3.610000000000000000e+02
1.001666999999999952e+01,3.630000000000000000e+02
1.002500000000000036e+01,3.660000000000000000e+02
1.003332999999999942e+01,3.690000000000000000e+02
1.004166999999999987e+01,3.740000000000000000e+02
1.005000000000000071e+01,3.810000000000000000e+02
1.005832999999999977e+01,3.920000000000000000e+02
1.006667000000000023e+01,4.090000000000000000e+02
1.007499999999999929e+01,4.340000000000000000e+02
1.008333000000000013e+01,4.720000000000000000e+02
1.009167000000000058e+01,5.290000000000000000e+02
1.009999999999999964e+01,6.140000000000000000e+02
1.010833000000000048e+01,7.430000000000000000e+02
1.011666999999999916e+01,9.320000000000000000e+02
1.012500000000000000e+01,1.209000000000000000e+03
1.013333000000000084e+01,1.610000000000000000e+03
1.014166999999999952e+01,2.163000000000000000e+03
1.015000000000000036e+01,2.939000000000000000e+03
1.015832999999999942e+01,3.971000000000000000e+03
1.016666999999999987e+01,5.349000000000000000e+03
1.017500000000000071e+01,7.155000000000000000e+03
1.018332999999999977e+01,9.426000000000000000e+03
1.019167000000000023e+01,1.234200000000000000e+04
1.019999999999999929e+01,1.585300000000000000e+04
1.020833000000000013e+01,2.014000000000000000e+04
1.021667000000000058e+01,2.521700000000000000e+04
1.022499999999999964e+01,3.100300000000000000e+04
1.023333000000000048e+01,3.773100000000000000e+04
1.024166999999999916e+01,4.500100000000000000e+04
1.025000000000000000e+01,5.303500000000000000e+04
1.025833000000000084e+01,6.149400000000000000e+04
1.026666999999999952e+01,7.012700000000000000e+04
1.027500000000000036e+01,7.898800000000000000e+04
1.028332999999999942e+01,8.735600000000000000e+04
1.029166999999999987e+01,9.537700000000000000e+04
1.030000000000000071e+01,1.024840000000000000e+05
1.030832999999999977e+01,1.084390000000000000e+05
1.031667000000000023e+01,1.131810000000000000e+05
1.032499999999999929e+01,1.162790000000000000e+05
1.033333000000000013e+01,1.177850000000000000e+05
1.034167000000000058e+01,1.176390000000000000e+05
1.034999999999999964e+01,1.157300000000000000e+05
1.035833000000000048e+01,1.123310000000000000e+05
1.036666999999999916e+01,1.075290000000000000e+05
1.037500000000000000e+01,1.014120000000000000e+05
1.038333000000000084e+01,9.454000000000000000e+04
1.039166999999999952e+01,8.677900000000000000e+04
1.040000000000000036e+01,7.873600000000000000e+04
1.040832999999999942e+01,7.052100000000000000e+04
1.041666999999999987e+01,6.227300000000000000e+04
1.042500000000000071e+01,5.448100000000000000e+04
1.043332999999999977e+01,4.693400000000000000e+04
1.044167000000000023e+01,4.008400000000000000e+04
1.044999999999999929e+01,3.381200000000000000e+04
1.045833000000000013e+01,2.819600000000000000e+04
1.046667000000000058e+01,2.333900000000000000e+04
1.047499999999999964e+01,1.905600000000000000e+04
1.048333000000000048e+01,1.548100000000000000e+04
1.049166999999999916e+01,1.243600000000000000e+04
1.050000000000000000e+01,9.923000000000000000e+03
1.050833000000000084e+01,7.880000000000000000e+03
1.051666999999999952e+01,6.205000000000000000e+03
1.052500000000000036e+01,4.891000000000000000e+03
1.053332999999999942e+01,3.835000000000000000e+03
1.054166999999999987e+01,3.018000000000000000e+03
1.055000000000000071e+01,2.380000000000000000e+03
1.055832999999999977e+01,1.884000000000000000e+03
1.056667000000000023e+01,1.507000000000000000e+03
1.057499999999999929e+01,1.213000000000000000e+03
1.058333000000000013e+01,9.890000000000000000e+02
1.059167000000000058e+01,8.160000000000000000e+02
1.059999999999999964e+01,6.830000000000000000e+02
1.060833000000000048e+01,5.810000000000000000e+02
1.061666999999999916e+01,5.010000000000000000e+02
1.062500000000000000e+01,4.390000000000000000e+02
1.063333000000000084e+01,3.900000000000000000e+02
1.064166999999999952e+01,3.520000000000000000e+02
1.065000000000000036e+01,3.220000000000000000e+02
1.065832999999999942e+01,2.990000000000000000e+02
1.066666999999999987e+01,2.820000000000000000e+02
1.067500000000000071e+01,2.680000000000000000e+02
1.068332999999999977e+01,2.570000000000000000e+02
1.069167000000000023e+01,2.480000000000000000e+02
1.069999999999999929e+01,2.380000000000000000e+02
1.070833000000000013e+01,2.280000000000000000e+02
1.071667000000000058e+01,2.180000000000000000e+02
1.072499999999999964e+01,2.100000000000000000e+02
1.073333000000000048e+01,2.030000000000000000e+02
1.074166999999999916e+01,1.980000000000000000e+02
1.075000000000000000e+01,1.940000000000000000e+02
1.075833000000000084e+01,1.900000000000000000e+02
1.076666999999999952e+01,1.870000000000000000e+02
1.077500000000000036e+01,1.850000000000000000e+02
1.078332999999999942e+01,1.840000000000000000e+02
1.079166999999999987e+01,1.850000000000000000e+02
1.080000000000000071e+01,1.860000000000000000e+02
1.080832999999999977e+01,1.880000000000000000e+02
1.081667000000000023e+01,1.890000000000000000e+02
1.082499999999999929e+01,1.930000000000000000e+02
1.083333000000000013e+01,2.000000000000000000e+02
1.084167000000000058e+01,2.080000000000000000e+02
1.084999999999999964e+01,2.190000000000000000e+02
1.085833000000000048e+01,2.310000000000000000e+02
1.086666999999999916e+01,2.440000000000000000e+02
1.087500000000000000e+01,2.580000000000000000e+02
1.088333000000000084e+01,2.740000000000000000e+02
1.089166999999999952e+01,2.910000000000000000e+02
1.090000000000000036e+01,3.090000000000000000e+02
1.090832999999999942e+01,3.270000000000000000e+02
1.091666999999999987e+01,3.430000000000000000e+02
1.092500000000000071e+01,3.540000000000000000e+02
1.093332999999999977e+01,3.580000000000000000e+02
1.094167000000000023e+01,3.560000000000000000e+02
1.094999999999999929e+01,3.490000000000000000e+02
1.095833000000000013e+01,3.400000000000000000e+02
1.096667000000000058e+01,3.320000000000000000e+02
1.097499999999999964e+01,3.250000000000000000e+02
1.098333000000000048e+01,3.170000000000000000e+02
1.099166999999999916e+01,3.080000000000000000e+02
1.100000000000000000e+01,2.960000000000000000e+02
1.100833000000000084e+01,2.810000000000000000e+02
1.101666999999999952e+01,2.630000000000000000e+02
1.102500000000000036e+01,2.450000000000000000e+02
1.103332999999999942e+01,2.270000000000000000e+02
1.104166999999999987e+01,2.110000000000000000e+02
1.105000000000000071e+01,1.970000000000000000e+02
1.105832999999999977e+01,1.850000000000000000e+02
1.106667000000000023e+01,1.740000000000000000e+02
1.107499999999999929e+01,1.610000000000000000e+02
1.108333000000000013e+01,1.500000000000000000e+02
1.109167000000000058e+01,1.390000000000000000e+02
1.109999999999999964e+01,1.290000000000000000e+02
1.110833000000000048e+01,1.210000000000000000e+02
1.111666999999999916e+01,1.140000000000000000e+02
1.112500000000000000e+01,1.070000000000000000e+02
1.113333000000000084e+01,1.010000000000000000e+02
1.114166999999999952e+01,9.500000000000000000e+01
1.115000000000000036e+01,9.100000000000000000e+01
1.115832999999999942e+01,8.800000000000000000e+01
1.116666999999999987e+01,8.500000000000000000e+01
1.117500000000000071e+01,8.100000000000000000e+01
1.118332999999999977e+01,7.800000000000000000e+01
1.119167000000000023e+01,7.500000000000000000e+01
1.119999999999999929e+01,7.300000000000000000e+01
1.120833000000000013e+01,7.300000000000000000e+01
1.121667000000000058e+01,7.600000000000000000e+01
1.122499999999999964e+01,8.000000000000000000e+01
1.123333000000000048e+01,8.400000000000000000e+01
1.124166999999999916e+01,8.800000000000000000e+01
1.125000000000000000e+01,9.000000000000000000e+01
1.125833000000000084e+01,9.200000000000000000e+01
1.126666999999999952e+01,9.400000000000000000e+01
1.127500000000000036e+01,9.500000000000000000e+01
1.128332999999999942e+01,9.700000000000000000e+01
1.129166999999999987e+01,9.900000000000000000e+01
1.130000000000000071e+01,1.010000000000000000e+02
1.130832999999999977e+01,1.040000000000000000e+02
1.131667000000000023e+01,1.080000000000000000e+02
1.132499999999999929e+01,1.140000000000000000e+02
1.133333000000000013e+01,1.220000000000000000e+02
1.134167000000000058e+01,1.290000000000000000e+02
1.134999999999999964e+01,1.360000000000000000e+02
1.135833000000000048e+01,1.410000000000000000e+02
1.136666999999999916e+01,1.450000000000000000e+02
1.137500000000000000e+01,1.490000000000000000e+02
1.138333000000000084e+01,1.520000000000000000e+02
1.139166999999999952e+01,1.550000000000000000e+02
1.140000000000000036e+01,1.560000000000000000e+02
1.140832999999999942e+01,1.570000000000000000e+02
1.141666999999999987e+01,1.580000000000000000e+02
1.142500000000000071e+01,1.570000000000000000e+02
1.143332999999999977e+01,1.550000000000000000e+02
1.144167000000000023e+01,1.520000000000000000e+02
1.144999999999999929e+01,1.470000000000000000e+02
1.145833000000000013e+01,1.420000000000000000e+02
1.146667000000000058e+01,1.380000000000000000e+02
1.147499999999999964e+01,1.340000000000000000e+02
1.148333000000000048e+01,1.290000000000000000e+02
1.149166999999999916e+01,1.240000000000000000e+02
1.150000000000000000e+01,1.190000000000000000e+02
1.150833000000000084e+01,1.160000000000000000e+02
1.151666999999999952e+01,1.130000000000000000e+02
1.152500000000000036e+01,1.110000000000000000e+02
1.153332999999999942e+01,1.100000000000000000e+02
1.154166999999999987e+01,1.090000000000000000e+02
1.155000000000000071e+01,1.070000000000000000e+02
1.155832999999999977e+01,1.050000000000000000e+02
1.156667000000000023e+01,1.010000000000000000e+02
1.157499999999999929e+01,9.600000000000000000e+01
1.158333000000000013e+01,9.200000000000000000e+01
1.159167000000000058e+01,8.700000000000000000e+01
1.159999999999999964e+01,8.200000000000000000e+01
1.160833000000000048e+01,8.000000000000000000e+01
1.161666999999999916e+01,8.100000000000000000e+01
1.162500000000000000e+01,8.200000000000000000e+01
1.163333000000000084e+01,8.400000000000000000e+01
1.164166999999999952e+01,8.600000000000000000e+01
1.165000000000000036e+01,8.600000000000000000e+01
1.165832999999999942e+01,8.400000000000000000e+01
1.166666999999999987e+01,8.000000000000000000e+01
1.167500000000000071e+01,7.300000000000000000e+01
1.168332999999999977e+01,6.600000000000000000e+01
1.169167000000000023e+01,6.100000000000000000e+01
1.169999999999999929e+01,5.900000000000000000e+01
1.170833000000000013e+01,5.900000000000000000e+01
1.171667000000000058e+01,5.900000000000000000e+01
1.172499999999999964e+01,5.900000000000000000e+01
1.173333000000000048e+01,5.600000000000000000e+01
1.174166999999999916e+01,5.100000000000000000e+01
1.175000000000000000e+01,4.700000000000000000e+01
1.175833000000000084e+01,4.500000000000000000e+01
1.176666999999999952e+01,4.400000000000000000e+01
1.177500000000000036e+01,4.600000000000000000e+01
1.178332999999999942e+01,4.800000000000000000e+01
1.179166999999999987e+01,4.900000000000000000e+01
1.180000000000000071e+01,5.000000000000000000e+01
1.180832999999999977e+01,4.900000000000000000e+01
1.181667000000000023e+01,4.800000000000000000e+01
1.182499999999999929e+01,4.600000000000000000e+01
1.183333000000000013e+01,4.600000000000000000e+01
1.184167000000000058e+01,4.700000000000000000e+01
1.184999999999999964e+01,4.900000000000000000e+01
1.185833000000000048e+01,5.100000000000000000e+01
1.186666999999999916e+01,5.300000000000000000e+01
1.187500000000000000e+01,5.300000000000000000e+01
1.188333000000000084e+01,5.400000000000000000e+01
1.189166999999999952e+01,5.500000000000000000e+01
1.190000000000000036e+01,5.700000000000000000e+01
1.190832999999999942e+01,5.800000000000000000e+01
1.191666999999999987e+01,5.900000000000000000e+01
1.192500000000000071e+01,6.100000000000000000e+01
1.193332999999999977e+01,6.200000000000000000e+01
1.194167000000000023e+01,6.200000000000000000e+01
1.194999999999999929e+01,6.200000000000000000e+01
1.195833000000000013e+01,6.100000000000000000e+01
1.196667000000000058e+01,5.900000000000000000e+01
1.197499999999999964e+01,5.800000000000000000e+01
1.198333000000000048e+01,5.700000000000000000e+01
1.199166999999999916e+01,5.700000000000000000e+01
1.200000000000000000e+01,5.700000000000000000e+01
1.200833000000000084e+01,5.600000000000000000e+01
1.201666999999999952e+01,5.300000000000000000e+01
1.202500000000000036e+01,5.200000000000000000e+01
1.203332999999999942e+01,5.300000000000000000e+01
1.204166999999999987e+01,5.600000000000000000e+01
1.205000000000000071e+01,6.200000000000000000e+01
1.205832999999999977e+01,6.800000000000000000e+01
1.206667000000000023e+01,7.200000000000000000e+01
1.207499999999999929e+01,7.200000000000000000e+01
1.208333000000000013e+01,6.900000000000000000e+01
1.209167000000000058e+01,6.600000000000000000e+01
1.209999999999999964e+01,6.200000000000000000e+01
1.210833000000000048e+01,5.900000000000000000e+01
1.211666999999999916e+01,5.700000000000000000e+01
1.212500000000000000e+01,5.700000000000000000e+01
1.213333000000000084e+01,5.900000000000000000e+01
1.214166999999999952e+01,6.100000000000000000e+01
1.215000000000000036e+01,6.300000000000000000e+01
1.215832999999999942e+01,6.500000000000000000e+01
1.216666999999999987e+01,6.600000000000000000e+01
1.217500000000000071e+01,6.700000000000000000e+01
1.218332999999999977e+01,6.700000000000000000e+01
1.219167000000000023e+01,7.000000000000000000e+01
1.219999999999999929e+01,7.300000000000000000e+01
1.220833000000000013e+01,7.500000000000000000e+01
1.221667000000000058e+01,7.600000000000000000e+01
1.222499999999999964e+01,7.400000000000000000e+01
1.223333000000000048e+01,7.200000000000000000e+01
1.224166999999999916e+01,7.100000000000000000e+01
1.225000000000000000e+01,7.300000000000000000e+01
1.225833000000000084e+01,7.600000000000000000e+01
1.226666999999999952e+01,7.900000000000000000e+01
1.227500000000000036e+01,8.100000000000000000e+01
1.228332999999999942e+01,8.300000000000000000e+01
1.229166999999999987e+01,8.300000000000000000e+01
1.230000000000000071e+01,8.300000000000000000e+01
1.230832999999999977e+01,8.300000000000000000e+01
1.231667000000000023e+01,8.300000000000000000e+01
1.232499999999999929e+01,8.200000000000000000e+01
1.233333000000000013e+01,7.900000000000000000e+01
1.234167000000000058e+01,7.500000000000000000e+01
1.234999999999999964e+01,7.300000000000000000e+01
1.235833000000000048e+01,7.200000000000000000e+01
1.236666999999999916e+01,7.400000000000000000e+01
1.237500000000000000e+01,7.900000000000000000e+01
1.238333000000000084e+01,8.400000000000000000e+01
1.239166999999999952e+01,8.900000000000000000e+01
1.240000000000000036e+01,9.300000000000000000e+01
1.240832999999999942e+01,9.500000000000000000e+01
1.241666999999999987e+01,9.500000000000000000e+01
1.242500000000000071e+01,9.500000000000000000e+01
1.243332999999999977e+01,9.300000000000000000e+01
1.244167000000000023e+01,9.100000000000000000e+01
1.244999999999999929e+01,8.900000000000000000e+01
1.245833000000000013e+01,8.600000000000000000e+01
1.246667000000000058e+01,8.200000000000000000e+01
1.247499999999999964e+01,7.800000000000000000e+01
1.248333000000000048e+01,7.400000000000000000e+01
1.249166999999999916e+01,7.200000000000000000e+01
1.250000000000000000e+01,7.000000000000000000e+01
1.250833000000000084e+01,7.000000000000000000e+01
1.251666999999999952e+01,7.200000000000000000e+01
1.252500000000000036e+01,7.600000000000000000e+01
1.253332999999999942e+01,8.100000000000000000e+01
1.254166999999999987e+01,8.600000000000000000e+01
1.255000000000000071e+01,9.100000000000000000e+01
1.255832999999999977e+01,9.400000000000000000e+01
1.256667000000000023e+01,9.500000000000000000e+01
1.257499999999999929e+01,9.300000000000000000e+01
1.258333000000000013e+01,9.000000000000000000e+01
1.259167000000000058e+01,8.400000000000000000e+01
1.259999999999999964e+01,7.800000000000000000e+01
1.260833000000000048e+01,7.300000000000000000e+01
1.261666999999999916e+01,6.900000000000000000e+01
1.262500000000000000e+01,6.600000000000000000e+01
1.263333000000000084e+01,6.600000000000000000e+01
1.264166999999999952e+01,6.800000000000000000e+01
1.265000000000000036e+01,7.000000000000000000e+01
1.265832999999999942e+01,7.300000000000000000e+01
1.266666999999999987e+01,7.600000000000000000e+01
1.267500000000000071e+01,7.900000000000000000e+01
1.268332999999999977e+01,8.400000000000000000e+01
1.269167000000000023e+01,9.000000000000000000e+01
1.269999999999999929e+01,9.600000000000000000e+01
1.270833000000000013e+01,1.030000000000000000e+02
1.271667000000000058e+01,1.100000000000000000e+02
1.272499999999999964e+01,1.160000000000000000e+02
1.273333000000000048e+01,1.200000000000000000e+02
1.274166999999999916e+01,1.230000000000000000e+02
1.275000000000000000e+01,1.240000000000000000e+02
1.275833000000000084e+01,1.260000000000000000e+02
1.276666999999999952e+01,1.300000000000000000e+02
1.277500000000000036e+01,1.370000000000000000e+02
1.278332999999999942e+01,1.460000000000000000e+02
1.279166999999999987e+01,1.530000000000000000e+02
1.280000000000000071e+01,1.590000000000000000e+02
1.280832999999999977e+01,1.600000000000000000e+02
1.281667000000000023e+01,1.600000000000000000e+02
1.282499999999999929e+01,1.600000000000000000e+02
1.283333000000000013e+01,1.620000000000000000e+02
1.284167000000000058e+01,1.660000000000000000e+02
1.284999999999999964e+01,1.710000000000000000e+02
1.285833000000000048e+01,1.770000000000000000e+02
1.286666999999999916e+01,1.800000000000000000e+02
1.287500000000000000e+01,1.800000000000000000e+02
1.288333000000000084e+01,1.760000000000000000e+02
1.289166999999999952e+01,1.670000000000000000e+02
1.290000000000000036e+01,1.570000000000000000e+02
1.290832999999999942e+01,1.460000000000000000e+02
1.291666999999999987e+01,1.350000000000000000e+02
1.292500000000000071e+01,1.260000000000000000e+02
1.293332999999999977e+01,1.190000000000000000e+02
1.294167000000000023e+01,1.130000000000000000e+02
1.294999999999999929e+01,1.070000000000000000e+02
1.295833000000000013e+01,1.010000000000000000e+02
1.296667000000000058e+01,9.500000000000000000e+01
1.297499999999999964e+01,8.900000000000000000e+01
1.298333000000000048e+01,8.200000000000000000e+01
1.299166999999999916e+01,7.600000000000000000e+01
1.300000000000000000e+01,6.900000000000000000e+01
1.300833000000000084e+01,6.100000000000000000e+01
1.301666999999999952e+01,5.200000000000000000e+01
1.302500000000000036e+01,4.600000000000000000e+01
1.303332999999999942e+01,4.100000000000000000e+01
1.304166999999999987e+01,3.800000000000000000e+01
1.305000000000000071e+01,3.800000000000000000e+01
1.305832999999999977e+01,3.800000000000000000e+01
1.306667000000000023e+01,3.700000000000000000e+01
1.307499999999999929e+01,3.400000000000000000e+01
1.308333000000000013e+01,2.900000000000000000e+01
1.309167000000000058e+01,2.500000000000000000e+01
1.309999999999999964e+01,2.400000000000000000e+01
1.310833000000000048e+01,2.700000000000000000e+01
1.311666999999999916e+01,3.200000000000000000e+01
1.312500000000000000e+01,3.700000000000000000e+01
1.313333000000000084e+01,3.900000000000000000e+01
1.314166999999999952e+01,4.100000000000000000e+01
1.315000000000000036e+01,4.100000000000000000e+01
1.315832999999999942e+01,4.100000000000000000e+01
1.316666999999999987e+01,4.100000000000000000e+01
1.317500000000000071e+01,4.200000000000000000e+01
1.318332999999999977e+01,4.400000000000000000e+01
1.319167000000000023e+01,4.600000000000000000e+01
1.319999999999999929e+01,4.800000000000000000e+01
1.320833000000000013e+01,5.000000000000000000e+01
1.321667000000000058e+01,5.200000000000000000e+01
1.322499999999999964e+01,5.300000000000000000e+01
1.323333000000000048e+01,5.200000000000000000e+01
1.324166999999999916e+01,4.900000000000000000e+01
1.325000000000000000e+01,4.700000000000000000e+01
1.325833000000000084e+01,4.800000000000000000e+01
1.326666999999999952e+01,5.100000000000000000e+01
1.327500000000000036e+01,5.700000000000000000e+01
1.328332999999999942e+01,6.300000000000000000e+01
1.329166999999999987e+01,6.700000000000000000e+01
1.330000000000000071e+01,6.900000000000000000e+01
1.330832999999999977e+01,6.800000000000000000e+01
1.331667000000000023e+01,6.400000000000000000e+01
1.332499999999999929e+01,6.000000000000000000e+01
1.333333000000000013e+01,5.500000000000000000e+01
1.334167000000000058e+01,5.300000000000000000e+01
1.334999999999999964e+01,5.300000000000000000e+01
1.335833000000000048e+01,5.500000000000000000e+01
1.336666999999999916e+01,5.800000000000000000e+01
1.337500000000000000e+01,6.000000000000000000e+01
1.338333000000000084e+01,6.000000000000000000e+01
1.339166999999999952e+01,5.500000000000000000e+01
1.340000000000000036e+01,4.900000000000000000e+01
1.340832999999999942e+01,4.200000000000000000e+01
1.341666999999999987e+01,3.800000000000000000e+01
1.342500000000000071e+01,3.600000000000000000e+01
1.343332999999999977e+01,3.800000000000000000e+01
1.344167000000000023e+01,4.000000000000000000e+01
1.344999999999999929e+01,4.000000000000000000e+01
1.345833000000000013e+01,3.700000000000000000e+01
1.346667000000000058e+01,3.200000000000000000e+01
1.347499999999999964e+01,2.800000000000000000e+01
1.348333000000000048e+01,2.600000000000000000e+01
1.349166999999999916e+01,2.800000000000000000e+01
1.350000000000000000e+01,3.300000000000000000e+01
1.350833000000000084e+01,4.100000000000000000e+01
1.351666999999999952e+01,5.100000000000000000e+01
1.352500000000000036e+01,6.000000000000000000e+01
1.353332999999999942e+01,7.000000000000000000e+01
1.354166999999999987e+01,8.000000000000000000e+01
1.355000000000000071e+01,8.900000000000000000e+01
1.355832999999999977e+01,9.800000000000000000e+01
1.356667000000000023e+01,1.060000000000000000e+02
1.357499999999999929e+01,1.150000000000000000e+02
1.358333000000000013e+01,1.220000000000000000e+02
1.359167000000000058e+01,1.300000000000000000e+02
1.359999999999999964e+01,1.370000000000000000e+02
1.360833000000000048e+01,1.440000000000000000e+02
1.361666999999999916e+01,1.520000000000000000e+02
1.362500000000000000e+01,1.610000000000000000e+02
1.363333000000000084e+01,1.690000000000000000e+02
1.364166999999999952e+01,1.770000000000000000e+02
1.365000000000000036e+01,1.860000000000000000e+02
1.365832999999999942e+01,1.950000000000000000e+02
1.366666999999999987e+01,2.040000000000000000e+02
1.367500000000000071e+01,2.130000000000000000e+02
1.368332999999999977e+01,2.200000000000000000e+02
1.369167000000000023e+01,2.240000000000000000e+02
1.369999999999999929e+01,2.250000000000000000e+02
1.370833000000000013e+01,2.240000000000000000e+02
1.371667000000000058e+01,2.220000000000000000e+02
1.372499999999999964e+01,2.180000000000000000e+02
1.373333000000000048e+01,2.140000000000000000e+02
1.374166999999999916e+01,2.080000000000000000e+02
1.375000000000000000e+01,2.000000000000000000e+02
1.375833000000000084e+01,1.900000000000000000e+02
1.376666999999999952e+01,1.790000000000000000e+02
1.377500000000000036e+01,1.670000000000000000e+02
1.378332999999999942e+01,1.550000000000000000e+02
1.379166999999999987e+01,1.450000000000000000e+02
1.380000000000000071e+01,1.370000000000000000e+02
1.380832999999999977e+01,1.290000000000000000e+02
1.381667000000000023e+01,1.220000000000000000e+02
1.382499999999999929e+01,1.130000000000000000e+02
1.383333000000000013e+01,1.020000000000000000e+02
1.384167000000000058e+01,9.000000000000000000e+01
1.384999999999999964e+01,7.800000000000000000e+01
1.385833000000000048e+01,6.700000000000000000e+01
1.386666999999999916e+01,5.900000000000000000e+01
1.387500000000000000e+01,5.200000000000000000e+01
1.388333000000000084e+01,4.600000000000000000e+01
1.389166999999999952e+01,4.100000000000000000e+01
1.390000000000000036e+01,3.700000000000000000e+01
1.390832999999999942e+01,3.600000000000000000e+01
1.391666999999999987e+01,3.600000000000000000e+01
1.392500000000000071e+01,3.800000000000000000e+01
1.393332999999999977e+01,4.000000000000000000e+01
1.394167000000000023e+01,4.100000000000000000e+01
1.394999999999999929e+01,4.000000000000000000e+01
1.395833000000000013e+01,3.700000000000000000e+01
1.396667000000000058e+01,3.600000000000000000e+01
1.397499999999999964e+01,3.600000000000000000e+01
1.398333000000000048e+01,3.600000000000000000e+01
1.399166999999999916e+01,3.800000000000000000e+01
1.400000000000000000e+01,3.900000000000000000e+01
1.400833000000000084e+01,3.900000000000000000e+01
1.401666999999999952e+01,3.900000000000000000e+01
1.402500000000000036e+01,4.100000000000000000e+01
1.403332999999999942e+01,4.500000000000000000e+01
1.404166999999999987e+01,5.000000000000000000e+01
1.405000000000000071e+01,5.200000000000000000e+01
1.405832999999999977e+01,5.300000000000000000e+01
1.406667000000000023e+01,5.200000000000000000e+01
1.407499999999999929e+01,5.200000000000000000e+01
1.408333000000000013e+01,5.200000000000000000e+01
1.409167000000000058e+01,5.500000000000000000e+01
1.409999999999999964e+01,5.900000000000000000e+01
1.410833000000000048e+01,6.000000000000000000e+01
1.411666999999999916e+01,6.000000000000000000e+01
1.412500000000000000e+01,6.000000000000000000e+01
1.413333000000000084e+01,6.000000000000000000e+01
1.414166999999999952e+01,6.200000000000000000e+01
1.415000000000000036e+01,6.400000000000000000e+01
1.415832999999999942e+01,6.600000000000000000e+01
1.416666999999999987e+01,6.600000000000000000e+01
1.417500000000000071e+01,6.300000000000000000e+01
1.418332999999999977e+01,5.700000000000000000e+01
1.419167000000000023e+01,5.000000000000000000e+01
1.419999999999999929e+01,4.100000000000000000e+01
1.420833000000000013e+01,3.400000000000000000e+01
1.421667000000000058e+01,2.900000000000000000e+01
1.422499999999999964e+01,2.700000000000000000e+01
1.423333000000000048e+01,2.600000000000000000e+01
1.424166999999999916e+01,2.600000000000000000e+01
1.425000000000000000e+01,2.700000000000000000e+01
1.425833000000000084e+01,2.800000000000000000e+01
1.426666999999999952e+01,2.900000000000000000e+01
1.427500000000000036e+01,3.000000000000000000e+01
1.428332999999999942e+01,3.100000000000000000e+01
1.429166999999999987e+01,3.000000000000000000e+01
1.430000000000000071e+01,2.900000000000000000e+01
1.430832999999999977e+01,2.800000000000000000e+01
1.431667000000000023e+01,2.700000000000000000e+01
1.432499999999999929e+01,2.600000000000000000e+01
1.433333000000000013e+01,2.600000000000000000e+01
1.434167000000000058e+01,2.700000000000000000e+01
1.434999999999999964e+01,2.900000000000000000e+01
1.435833000000000048e+01,3.100000000000000000e+01
1.436666999999999916e+01,3.400000000000000000e+01
1.437500000000000000e+01,3.900000000000000000e+01
1.438333000000000084e+01,4.400000000000000000e+01
1.439166999999999952e+01,4.800000000000000000e+01
1.440000000000000036e+01,5.100000000000000000e+01
1.440832999999999942e+01,4.900000000000000000e+01
1.441666999999999987e+01,4.600000000000000000e+01
1.442500000000000071e+01,4.100000000000000000e+01
1.443332999999999977e+01,3.800000000000000000e+01
1.444167000000000023e+01,3.700000000000000000e+01
1.444999999999999929e+01,4.000000000000000000e+01
1.445833000000000013e+01,4.400000000000000000e+01
1.446667000000000058e+01,4.700000000000000000e+01
1.447499999999999964e+01,4.800000000000000000e+01
1.448333000000000048e+01,4.700000000000000000e+01
1.449166999999999916e+01,4.400000000000000000e+01
1.450000000000000000e+01,4.000000000000000000e+01
1.450833000000000084e+01,3.600000000000000000e+01
1.451666999999999952e+01,3.400000000000000000e+01
1.452500000000000036e+01,3.300000000000000000e+01
1.453332999999999942e+01,3.300000000000000000e+01
1.454166999999999987e+01,3.500000000000000000e+01
1.455000000000000071e+01,3.800000000000000000e+01
1.455832999999999977e+01,4.100000000000000000e+01
1.456667000000000023e+01,4.300000000000000000e+01
1.457499999999999929e+01,4.400000000000000000e+01
1.458333000000000013e+01,4.300000000000000000e+01
1.459167000000000058e+01,4.000000000000000000e+01
1.459999999999999964e+01,3.700000000000000000e+01
1.460833000000000048e+01,3.400000000000000000e+01
1.461666999999999916e+01,3.100000000000000000e+01
1.462500000000000000e+01,3.000000000000000000e+01
1.463333000000000084e+01,3.100000000000000000e+01
1.464166999999999952e+01,3.200000000000000000e+01
1.465000000000000036e+01,3.300000000000000000e+01
1.465832999999999942e+01,3.200000000000000000e+01
1.466666999999999987e+01,3.000000000000000000e+01
1.467500000000000071e+01,2.800000000000000000e+01
1.468332999999999977e+01,2.600000000000000000e+01
1.469167000000000023e+01,2.500000000000000000e+01
1.469999999999999929e+01,2.500000000000000000e+01
1.470833000000000013e+01,2.600000000000000000e+01
1.471667000000000058e+01,2.900000000000000000e+01
1.472499999999999964e+01,3.100000000000000000e+01
1.473333000000000048e+01,3.300000000000000000e+01
1.474166999999999916e+01,3.400000000000000000e+01
1.475000000000000000e+01,3.600000000000000000e+01
1.475833000000000084e+01,3.900000000000000000e+01
1.476666999999999952e+01,4.200000000000000000e+01
1.477500000000000036e+01,4.400000000000000000e+01
1.478332999999999942e+01,4.500000000000000000e+01
1.479166999999999987e+01,4.400000000000000000e+01
1.480000000000000071e+01,4.300000000000000000e+01
1.480832999999999977e+01,4.100000000000000000e+01
1.481667000000000023e+01,3.900000000000000000e+01
1.482499999999999929e+01,3.700000000000000000e+01
1.483333000000000013e+01,3.300000000000000000e+01
1.484167000000000058e+01,3.000000000000000000e+01
1.484999999999999964e+01,2.700000000000000000e+01
1.485833000000000048e+01,2.700000000000000000e+01
1.486666999999999916e+01,2.800000000000000000e+01
1.487500000000000000e+01,3.000000000000000000e+01
1.488333000000000084e+01,3.300000000000000000e+01
1.489166999999999952e+01,3.400000000000000000e+01
1.490000000000000036e+01,3.300000000000000000e+01
1.490832999999999942e+01,3.000000000000000000e+01
1.491666999999999987e+01,2.500000000000000000e+01
1.492500000000000071e+01,2.000000000000000000e+01
1.493332999999999977e+01,1.500000000000000000e+01
1.494167000000000023e+01,1.200000000000000000e+01
1.494999999999999929e+01,1.000000000000000000e+01
1.495833000000000013e+01,9.000000000000000000e+00
1.496667000000000058e+01,6.000000000000000000e+00
1.497499999999999964e+01,2.000000000000000000e+00
1.498333000000000048e+01,-3.000000000000000000e+00
1.499166999999999916e+01,-7.000000000000000000e+00
1.500000000000000000e+01,-1.000000000000000000e+01
1.500833000000000084e+01,-9.000000000000000000e+00
1.501666999999999952e+01,-5.000000000000000000e+00
1.502500000000000036e+01,-1.000000000000000000e+00
1.503332999999999942e+01,3.000000000000000000e+00
1.504166999999999987e+01,5.000000000000000000e+00
1.505000000000000071e+01,4.000000000000000000e+00
1.505832999999999977e+01,1.000000000000000000e+00
1.506667000000000023e+01,-2.000000000000000000e+00
1.507499999999999929e+01,-5.000000000000000000e+00
1.508333000000000013e+01,-7.000000000000000000e+00
1.509167000000000058e+01,-7.000000000000000000e+00
1.509999999999999964e+01,-4.000000000000000000e+00
1.510833000000000048e+01,1.000000000000000000e+00
1.511666999999999916e+01,7.000000000000000000e+00
1.512500000000000000e+01,1.200000000000000000e+01
1.513333000000000084e+01,1.400000000000000000e+01
1.514166999999999952e+01,1.400000000000000000e+01
1.515000000000000036e+01,1.200000000000000000e+01
1.515832999999999942e+01,8.000000000000000000e+00
1.516666999999999987e+01,6.000000000000000000e+00
1.517500000000000071e+01,6.000000000000000000e+00
1.518332999999999977e+01,7.000000000000000000e+00
1.519167000000000023e+01,7.000000000000000000e+00
1.519999999999999929e+01,7.000000000000000000e+00
1.520833000000000013e+01,4.000000000000000000e+00
1.521667000000000058e+01,0.000000000000000000e+00
1.522499999999999964e+01,-2.000000000000000000e+00
1.523333000000000048e+01,-3.000000000000000000e+00
1.524166999999999916e+01,-2.000000000000000000e+00
1.525000000000000000e+01,-0.000000000000000000e+00
1.525833000000000084e+01,3.000000000000000000e+00
1.526666999999999952e+01,5.000000000000000000e+00
1.527500000000000036e+01,6.000000000000000000e+00
1.528332999999999942e+01,6.000000000000000000e+00
1.529166999999999987e+01,7.000000000000000000e+00
1.530000000000000071e+01,7.000000000000000000e+00
1.530832999999999977e+01,8.000000000000000000e+00
1.531667000000000023e+01,7.000000000000000000e+00
1.532499999999999929e+01,4.000000000000000000e+00
1.533333000000000013e+01,-0.000000000000000000e+00
1.534167000000000058e+01,-5.000000000000000000e+00
1.534999999999999964e+01,-7.000000000000000000e+00
1.535833000000000048e+01,-6.000000000000000000e+00
1.536666999999999916e+01,-4.000000000000000000e+00
1.537500000000000000e+01,-2.000000000000000000e+00
1.538333000000000084e+01,-1.000000000000000000e+00
1.539166999999999952e+01,-2.000000000000000000e+00
1.540000000000000036e+01,-3.000000000000000000e+00
1.540832999999999942e+01,-2.000000000000000000e+00
1.541666999999999987e+01,1.000000000000000000e+00
1.542500000000000071e+01,4.000000000000000000e+00
1.543332999999999977e+01,6.000000000000000000e+00
1.544167000000000023e+01,8.000000000000000000e+00
1.544999999999999929e+01,9.000000000000000000e+00
1.545833000000000013e+01,9.000000000000000000e+00
1.546667000000000058e+01,9.000000000000000000e+00
1.547499999999999964e+01,1.000000000000000000e+01
1.548333000000000048e+01,1.000000000000000000e+01
1.549166999999999916e+01,8.000000000000000000e+00
1.550000000000000000e+01,6.000000000000000000e+00
1.550833000000000084e+01,4.000000000000000000e+00
1.551666999999999952e+01,5.000000000000000000e+00
1.552500000000000036e+01,8.000000000000000000e+00
1.553332999999999942e+01,1.300000000000000000e+01
1.554166999999999987e+01,1.800000000000000000e+01
1.555000000000000071e+01,2.100000000000000000e+01
1.555832999999999977e+01,2.100000000000000000e+01
1.556667000000000023e+01,1.900000000000000000e+01
1.557499999999999929e+01,1.700000000000000000e+01
1.558333000000000013e+01,1.500000000000000000e+01
1.559167000000000058e+01,1.400000000000000000e+01
1.559999999999999964e+01,1.400000000000000000e+01
1.560833000000000048e+01,1.500000000000000000e+01
1.561666999999999916e+01,1.700000000000000000e+01
1.562500000000000000e+01,1.900000000000000000e+01
1.563333000000000084e+01,2.300000000000000000e+01
1.564166999999999952e+01,2.500000000000000000e+01
1.565000000000000036e+01,2.600000000000000000e+01
1.565832999999999942e+01,2.500000000000000000e+01
1.566666999999999987e+01,2.100000000000000000e+01
1.567500000000000071e+01,1.700000000000000000e+01
1.568332999999999977e+01,1.300000000000000000e+01
1.569167000000000023e+01,1.100000000000000000e+01
1.569999999999999929e+01,1.000000000000000000e+01
1.570833000000000013e+01,1.100000000000000000e+01
1.571667000000000058e+01,1.300000000000000000e+01
1.572499999999999964e+01,1.600000000000000000e+01
1.573333000000000048e+01,1.900000000000000000e+01
1.574166999999999916e+01,2.200000000000000000e+01
1.575000000000000000e+01,2.400000000000000000e+01
1.575833000000000084e+01,2.600000000000000000e+01
1.576666999999999952e+01,2.800000000000000000e+01
1.577500000000000036e+01,3.100000000000000000e+01
1.578332999999999942e+01,3.400000000000000000e+01
1.579166999999999987e+01,3.800000000000000000e+01
1.580000000000000071e+01,4.100000000000000000e+01
1.580832999999999977e+01,4.300000000000000000e+01
1.581667000000000023e+01,4.300000000000000000e+01
1.582499999999999929e+01,4.100000000000000000e+01
1.583333000000000013e+01,4.000000000000000000e+01
1.584167000000000058e+01,3.800000000000000000e+01
1.584999999999999964e+01,3.600000000000000000e+01
1.585833000000000048e+01,3.500000000000000000e+01
1.586666999999999916e+01,3.500000000000000000e+01
1.587500000000000000e+01,3.700000000000000000e+01
1.588333000000000084e+01,4.100000000000000000e+01
1.589166999999999952e+01,4.500000000000000000e+01
1.590000000000000036e+01,5.000000000000000000e+01
1.590832999999999942e+01,5.200000000000000000e+01
1.591666999999999987e+01,5.200000000000000000e+01
1.592500000000000071e+01,5.100000000000000000e+01
1.593332999999999977e+01,4.900000000000000000e+01
1.594167000000000023e+01,4.900000000000000000e+01
1.594999999999999929e+01,5.000000000000000000e+01
1.595833000000000013e+01,5.300000000000000000e+01
1.596667000000000058e+01,5.800000000000000000e+01
1.597499999999999964e+01,6.300000000000000000e+01
1.598333000000000048e+01,6.700000000000000000e+01
1.599166999999999916e+01,6.800000000000000000e+01
1.600000000000000000e+01,6.700000000000000000e+01
